 ,Company_Name,Sector,Quarter,Hybrid_%,Onsite_%,Remote_%,Revenue(€M),Operating_Cost(€M),Net_Profit(€M),R&D_Spending(€M),Stock_Price(€M),Market_Cap(€B),Employees,Attrition_%,Hiring_%,Tenure_Yrs,Work_Life_Balance (1-5),Job_Satisfaction (1-5),Productivity_Score (0-100),CapEx(€M)
1,IBM,IT,2017 Q1,2%,63%,35%,18201.97,16878.78,1323.19,1285.7,160.21,240.71,280000,16,15,"14,5",4,4,65,250
2,IBM,IT,2017 Q2,2%,63%,35%,18201.97,16878.78,1323.19,1285.7,141.52,240.71,280187,13,18,"6,5",5,3,"6,502,034","2,527,387"
3,IBM,IT,2017 Q3,2%,63%,35%,18201.97,16878.78,1323.19,1285.7,133.47,240.71,280375,22,17,5,5,3,"6,504,069","2,554,773"
4,IBM,IT,2017 Q4,2%,63%,35%,18201.97,16878.78,1323.19,1285.7,141.15,240.71,280563,24,14,"7,5",4,4,"6,506,103","258,216"
5,IBM,IT,2018 Q1,3%,62%,35%,18305.93,16298.49,2007.44,1237.17,141.16,240.71,"280,751",20,10,"5,7",4,3,"6,508,138","2,609,546"
6,IBM,IT,2018 Q2,3%,62%,35%,18305.93,16298.49,2007.44,1237.17,128.52,240.71,"280,938",17,16,10,3,4,"6,510,172","2,636,933"
7,IBM,IT,2018 Q3,3%,62%,35%,18305.93,16298.49,2007.44,1237.17,139.11,240.71,"281,126",22,14,"13,9",4,4,"6,512,207","2,664,319"
8,IBM,IT,2018 Q4,3%,62%,35%,18305.93,16298.49,2007.44,1237.17,104.58,240.71,"281,314",14,15,"3,8",3,4,"6,514,241","2,691,706"
9,IBM,IT,2019 Q1,4%,61%,35%,13274.22,11105.09,2169.13,1359.3,129.81,240.71,"281,502",16,16,"3,3",3,5,"6,516,275","2,719,092"
10,IBM,IT,2019 Q2,4%,61%,35%,13274.22,11105.09,2169.13,1359.3,126.87,240.71,"281,690",19,12,"5,3",5,5,"651,831","2,746,479"
11,IBM,IT,2019 Q3,4%,61%,35%,13274.22,11105.09,2169.13,1359.3,133.79,240.71,"281,877",12,19,"11,4",5,5,"6,520,344","2,773,865"
12,IBM,IT,2019 Q4,4%,61%,35%,13274.22,11105.09,2169.13,1359.3,123.32,240.71,"282,065",16,12,"9,7",5,4,"6,522,379","2,801,252"
13,IBM,IT,2020 Q1,2%,58%,40%,16932.83,15647.13,1285.7,1456.59,102.06,240.71,"282,253",20,14,"3,3",5,4,"6,524,413","2,828,638"
14,IBM,IT,2020 Q2,0%,5%,95%,16932.83,15647.13,1285.7,1456.59,111.11,240.71,"282,441",20,15,"13,9",4,5,"6,526,448","2,856,025"
15,IBM,IT,2020 Q3,0%,5%,95%,16932.83,15647.13,1285.7,1456.59,111.94,240.71,"282,629",17,18,"12,3",5,3,"6,528,482","2,883,412"
16,IBM,IT,2020 Q4,0%,5%,95%,16932.83,15647.13,1285.7,1456.59,115.81,240.71,"282,816",14,14,"2,3",4,4,"6,530,516","2,910,798"
17,IBM,IT,2021 Q1,70%,10%,20%,13190.73,11870.07,1320.66,1492.24,122.6,240.71,"283,004",13,10,"10,5",5,3,"6,532,551","2,938,185"
18,IBM,IT,2021 Q2,75%,10%,15%,13190.73,11870.07,1320.66,1492.24,134.86,240.71,"283,192",17,13,12,4,3,"6,534,585","2,965,571"
19,IBM,IT,2021 Q3,75%,10%,15%,13190.73,11870.07,1320.66,1492.24,127.82,240.71,"283,380",17,14,"6,9",3,4,"653,662","2,992,958"
20,IBM,IT,2021 Q4,75%,10%,15%,13190.73,11870.07,1320.66,1492.24,122.97,240.71,"283,568",12,19,"2,9",4,4,"6,538,654","3,020,344"
21,IBM,IT,2022 Q1,80%,10%,10%,13921.9,13544.7,377.2,1510.41,119.62,240.71,"283,755",15,19,3,4,3,"6,540,689","3,047,731"
22,IBM,IT,2022 Q2,80%,10%,10%,13921.9,13544.7,377.2,1510.41,129.89,240.71,"283,943",14,14,"3,4",5,3,"6,542,723","3,075,117"
23,IBM,IT,2022 Q3,80%,10%,10%,13921.9,13544.7,377.2,1510.41,109.31,240.71,"284,131",11,16,"12,9",4,5,"6,544,757","3,102,504"
24,IBM,IT,2022 Q4,80%,10%,10%,13921.9,13544.7,377.2,1510.41,129.62,240.71,"284,319",17,13,"13,8",3,5,"6,546,792","312,989"
25,IBM,IT,2023 Q1,70%,20%,10%,14227.8,12502.34,1725.46,1525.13,120.6,240.71,"284,507",21,10,"3,6",3,4,"6,548,826","3,157,277"
26,IBM,IT,2023 Q2,70%,20%,10%,14227.8,12502.34,1725.46,1525.13,123.11,240.71,"284,694",23,14,"5,1",5,5,"6,550,861","3,184,664"
27,IBM,IT,2023 Q3,70%,20%,10%,14227.8,12502.34,1725.46,1525.13,129.08,240.71,"284,882",15,16,"4,2",3,5,"6,552,895","321,205"
28,IBM,IT,2023 Q4,70%,20%,10%,14227.8,12502.34,1725.46,1525.13,150.47,240.71,"285,070",11,19,"4,4",4,5,"655,493","3,239,437"
29,IBM,IT,2024 Q1,65%,25%,10%,14433.19,13047.9,1385.29,1720.17,175.68,240.71,285258,25,19,"12,9",3,5,"6,556,964","3,266,823"
30,IBM,IT,2024 Q2,65%,27%,8%,14433.19,13047.9,1385.29,1720.17,159.11,240.71,285446,21,15,"6,3",5,3,"6,558,998","329,421"
31,IBM,IT,2024 Q3,63%,30%,7%,14433.19,13047.9,1385.29,1720.17,203.39,240.71,285633,14,14,6,4,4,"6,561,033","3,321,596"
32,IBM,IT,2024 Q4,60%,32%,8%,14433.19,13047.9,1385.29,1720.17,202.24,240.71,285821,10,13,5,5,5,"6,563,067","3,348,983"
33,Microsoft,IT,2017 Q1,10%,60%,30%,22211.33,16348.86,5862.47,2998.51,60.59,3231.75,286009,21,11,"9,9",4,3,"6,565,102","3,376,369"
34,Microsoft,IT,2017 Q2,10%,60%,30%,22211.33,16348.86,5862.47,2998.51,63.42,3231.75,286197,19,13,"6,9",3,3,"6,567,136","3,403,756"
35,Microsoft,IT,2017 Q3,10%,60%,30%,22211.33,16348.86,5862.47,2998.51,68.53,3231.75,286384,15,19,"11,7",5,3,"6,569,171","3,431,142"
36,Microsoft,IT,2017 Q4,10%,60%,30%,22211.33,16348.86,5862.47,2998.51,78.7,3231.75,286572,22,19,"4,7",5,5,"6,571,205","3,458,529"
37,Microsoft,IT,2018 Q1,12%,58%,30%,25382.8,21571.47,3811.33,3386.98,83.97,3231.75,286760,21,12,"12,2",4,5,"6,573,239","3,485,915"
38,Microsoft,IT,2018 Q2,12%,58%,30%,25382.8,21571.47,3811.33,3386.98,90.72,3231.75,286948,18,19,"9,8",5,4,"6,575,274","3,513,302"
39,Microsoft,IT,2018 Q3,12%,58%,30%,25382.8,21571.47,3811.33,3386.98,105.22,3231.75,287136,10,10,"3,5",4,5,"6,577,308","3,540,689"
40,Microsoft,IT,2018 Q4,12%,58%,30%,25382.8,21571.47,3811.33,3386.98,93.44,3231.75,287323,20,17,"7,4",4,5,"6,579,343","3,568,075"
41,Microsoft,IT,2019 Q1,15%,55%,30%,28943.89,19918.69,9025.2,3881.48,108.5,3231.75,287511,20,14,"13,2",4,3,"6,581,377","3,595,462"
42,Microsoft,IT,2019 Q2,15%,55%,30%,28943.89,19918.69,9025.2,3881.48,123.24,3231.75,287699,24,13,14,4,4,"6,583,412","3,622,848"
43,Microsoft,IT,2019 Q3,15%,55%,30%,28943.89,19918.69,9025.2,3881.48,127.91,3231.75,287887,19,17,"8,1",3,5,"6,585,446","3,650,235"
44,Microsoft,IT,2019 Q4,15%,55%,30%,28943.89,19918.69,9025.2,3881.48,145.08,3231.75,288075,25,16,"8,3",4,5,"658,748","3,677,621"
45,Microsoft,IT,2020 Q1,20%,50%,30%,32893.45,22708.82,10184.63,4431.87,145.09,3231.75,288262,21,11,"13,9",5,3,"6,589,515","3,705,008"
46,Microsoft,IT,2020 Q2,0%,10%,90%,32893.45,22708.82,10184.63,4431.87,187.23,3231.75,288450,21,10,"9,6",3,3,"6,591,549","3,732,394"
47,Microsoft,IT,2020 Q3,0%,10%,90%,32893.45,22708.82,10184.63,4431.87,193.5,3231.75,288638,25,20,"2,4",5,5,"6,593,584","3,759,781"
48,Microsoft,IT,2020 Q4,0%,10%,90%,32893.45,22708.82,10184.63,4431.87,204.63,3231.75,288826,24,13,"13,9",3,4,"6,595,618","3,787,167"
49,Microsoft,IT,2021 Q1,60%,15%,25%,38660.24,24567.91,14092.33,4764.68,216.91,3231.75,289014,23,17,"5,2",4,4,"6,597,653","3,814,554"
50,Microsoft,IT,2021 Q2,65%,15%,20%,38660.24,24567.91,14092.33,4764.68,249.23,3231.75,289201,23,11,"9,5",3,3,"6,599,687","3,841,941"
51,Microsoft,IT,2021 Q3,65%,15%,20%,38660.24,24567.91,14092.33,4764.68,259.37,3231.75,289389,24,12,"4,2",3,3,"6,601,721","3,869,327"
52,Microsoft,IT,2021 Q4,65%,15%,20%,38660.24,24567.91,14092.33,4764.68,309.41,3231.75,289577,23,10,"2,4",5,5,"6,603,756","3,896,714"
53,Microsoft,IT,2022 Q1,70%,15%,15%,45602.1,28872.36,16729.74,5637.76,283.65,3231.75,289765,12,10,6,5,3,"660,579","392,41"
54,Microsoft,IT,2022 Q2,70%,15%,15%,45602.1,28872.36,16729.74,5637.76,236.28,3231.75,289953,21,12,"12,1",4,5,"6,607,825","3,951,487"
55,Microsoft,IT,2022 Q3,70%,15%,15%,45602.1,28872.36,16729.74,5637.76,214.27,3231.75,290140,16,20,"5,6",3,4,"6,609,859","3,978,873"
56,Microsoft,IT,2022 Q4,70%,15%,15%,45602.1,28872.36,16729.74,5637.76,220.63,3231.75,290328,13,14,"4,9",3,4,"6,611,894","400,626"
57,Microsoft,IT,2023 Q1,65%,20%,15%,48740.45,32097.42,16643.03,6254.85,265.24,3231.75,290516,25,12,"4,8",3,5,"6,613,928","4,033,646"
58,Microsoft,IT,2023 Q2,65%,20%,15%,48740.45,32097.42,16643.03,6254.85,313.3,3231.75,290704,18,10,"8,7",4,3,"6,615,962","4,061,033"
59,Microsoft,IT,2023 Q3,65%,20%,15%,48740.45,32097.42,16643.03,6254.85,290.49,3231.75,290892,12,10,"14,7",4,4,"6,617,997","4,088,419"
60,Microsoft,IT,2023 Q4,65%,20%,15%,48740.45,32097.42,16643.03,6254.85,345.96,3231.75,291079,14,17,8,4,3,"6,620,031","4,115,806"
61,Microsoft,IT,2024 Q1,60%,25%,15%,56378.06,36106.78,20271.28,6787.3,387.06,3231.75,291267,12,19,"9,2",4,4,"6,622,066","4,143,192"
62,Microsoft,IT,2024 Q2,60%,25%,15%,56378.06,36106.78,20271.28,6787.3,411.19,3231.75,291455,16,20,"13,2",4,5,"66,241","4,170,579"
63,Microsoft,IT,2024 Q3,58%,27%,15%,56378.06,36106.78,20271.28,6787.3,395.88,3231.75,291643,14,11,9,5,5,"6,626,135","4,197,966"
64,Microsoft,IT,2024 Q4,55%,30%,15%,56378.06,36106.78,20271.28,6787.3,387.78,3231.75,291830,18,12,"4,4",3,5,"6,628,169","4,225,352"
65,Google,IT,2017 Q1,5%,70%,25%,25496.65,22584.39,2912.26,3823.75,779.98,1986.95,292018,16,11,"5,9",3,4,"6,630,203","4,252,739"
66,Google,IT,2017 Q2,5%,70%,25%,25496.65,22584.39,2912.26,3823.75,855.31,1986.95,292206,11,12,6,3,3,"6,632,238","4,280,125"
67,Google,IT,2017 Q3,5%,70%,25%,25496.65,22584.39,2912.26,3823.75,895.82,1986.95,292394,13,16,"7,2",3,3,"6,634,272","4,307,512"
68,Google,IT,2017 Q4,5%,70%,25%,25496.65,22584.39,2912.26,3823.75,969.13,1986.95,292582,18,10,"7,5",3,3,"6,636,307","4,334,898"
69,Google,IT,2018 Q1,7%,68%,25%,31468.37,24399.09,7069.28,4926.37,954.17,1986.95,292769,21,19,"12,4",3,4,"6,638,341","4,362,285"
70,Google,IT,2018 Q2,7%,68%,25%,31468.37,24399.09,7069.28,4926.37,1038.85,1986.95,292957,23,17,"6,5",3,4,"6,640,376","4,389,671"
71,Google,IT,2018 Q3,7%,68%,25%,31468.37,24399.09,7069.28,4926.37,1110.51,1986.95,293145,11,19,"8,1",3,4,"664,241","4,417,058"
72,Google,IT,2018 Q4,7%,68%,25%,31468.37,24399.09,7069.28,4926.37,961.36,1986.95,293333,19,19,"10,1",5,4,"6,644,444","4,444,444"
73,Google,IT,2019 Q1,10%,65%,25%,37227.11,29328.22,7898.89,5984.14,1082.74,1986.95,293521,18,19,"6,9",3,4,"6,646,479","4,471,831"
74,Google,IT,2019 Q2,10%,65%,25%,37227.11,29328.22,7898.89,5984.14,996.18,1986.95,293708,19,11,"12,9",5,3,"6,648,513","4,499,218"
75,Google,IT,2019 Q3,10%,65%,25%,37227.11,29328.22,7898.89,5984.14,1123.45,1986.95,293896,14,12,"9,6",4,4,"6,650,548","4,526,604"
76,Google,IT,2019 Q4,10%,65%,25%,37227.11,29328.22,7898.89,5984.14,1232.24,1986.95,294084,11,18,"5,8",3,4,"6,652,582","4,553,991"
77,Google,IT,2020 Q1,15%,60%,25%,41981.21,32719.34,9261.87,6341.79,1068.99,1986.95,294272,13,16,"11,3",4,3,"6,654,617","4,581,377"
78,Google,IT,2020 Q2,0%,5%,95%,41981.21,32719.34,9261.87,6341.79,1304.61,1986.95,294460,21,13,"8,9",4,4,"6,656,651","4,608,764"
79,Google,IT,2020 Q3,0%,5%,95%,41981.21,32719.34,9261.87,6341.79,1348.35,1986.95,294647,24,19,"8,9",4,3,"6,658,685","463,615"
80,Google,IT,2020 Q4,0%,5%,95%,41981.21,32719.34,9261.87,6341.79,1612.43,1986.95,294835,21,14,"8,3",5,3,"666,072","4,663,537"
81,Google,IT,2021 Q1,70%,15%,15%,59256.51,41768.92,17487.59,7259.26,1897.52,1986.95,295023,16,11,"8,5",4,5,"6,662,754","4,690,923"
82,Google,IT,2021 Q2,75%,15%,10%,59256.51,41768.92,17487.59,7259.26,2246.45,1986.95,295211,21,20,"11,9",4,5,"6,664,789","471,831"
83,Google,IT,2021 Q3,75%,15%,10%,59256.51,41768.92,17487.59,7259.26,2459.64,1986.95,295399,22,17,"3,3",4,5,"6,666,823","4,745,696"
84,Google,IT,2021 Q4,75%,15%,10%,59256.51,41768.92,17487.59,7259.26,2665.28,1986.95,295586,17,13,"6,3",3,5,"6,668,858","4,773,083"
85,Google,IT,2022 Q1,75%,15%,10%,65052.28,51258.72,13793.56,9085,2558.84,1986.95,295774,24,18,3,3,4,"6,670,892","4,800,469"
86,Google,IT,2022 Q2,75%,15%,10%,65052.28,51258.72,13793.56,9085,2004.92,1986.95,295962,12,14,"11,8",5,5,"6,672,926","4,827,856"
87,Google,IT,2022 Q3,75%,15%,10%,65052.28,51258.72,13793.56,9085,88,1986.95,296150,23,18,"5,5",5,3,"6,674,961","4,855,243"
88,Google,IT,2022 Q4,75%,15%,10%,65052.28,51258.72,13793.56,9085,81.17,1986.95,296338,10,13,"13,7",3,4,"6,676,995","4,882,629"
89,Google,IT,2023 Q1,70%,20%,10%,70700.62,53727.77,16972.85,10448.21,95.43,1986.95,296525,13,19,"8,8",5,5,"667,903","4,910,016"
90,Google,IT,2023 Q2,70%,20%,10%,70700.62,53727.77,16972.85,10448.21,110.12,1986.95,296713,11,14,"12,4",3,3,"6,681,064","4,937,402"
91,Google,IT,2023 Q3,70%,20%,10%,70700.62,53727.77,16972.85,10448.21,120.39,1986.95,296901,17,18,"14,7",4,4,"6,683,099","4,964,789"
92,Google,IT,2023 Q4,70%,20%,10%,70700.62,53727.77,16972.85,10448.21,128.51,1986.95,297089,13,17,"12,9",4,4,"6,685,133","4,992,175"
93,Google,IT,2024 Q1,65%,25%,10%,80504.14,57477,23027.14,11344.98,138.86,1986.95,297276,11,12,"13,3",5,5,"6,687,167","5,019,562"
94,Google,IT,2024 Q2,65%,25%,10%,80504.14,57477,23027.14,11344.98,167.58,1986.95,297464,23,10,"7,3",3,4,"6,689,202","5,046,948"
95,Google,IT,2024 Q3,63%,27%,10%,80504.14,57477,23027.14,11344.98,152.58,1986.95,297652,15,12,"9,2",3,3,"6,691,236","5,074,335"
96,Google,IT,2024 Q4,60%,30%,10%,80504.14,57477,23027.14,11344.98,174.16,1986.95,297840,15,13,"5,3",5,4,"6,693,271","5,101,721"
97,Oracle,IT,2017 Q1,3%,75%,22%,8677.44,6530.39,2147.05,1415.19,41.04,455.04,298028,19,11,"4,5",3,3,"6,695,305","5,129,108"
98,Oracle,IT,2017 Q2,3%,75%,22%,8677.44,6530.39,2147.05,1415.19,46.13,455.04,298215,13,10,"8,6",4,4,"669,734","5,156,495"
99,Oracle,IT,2017 Q3,3%,75%,22%,8677.44,6530.39,2147.05,1415.19,44.48,455.04,298403,15,16,"9,7",5,5,"6,699,374","5,183,881"
100,Oracle,IT,2017 Q4,3%,75%,22%,8677.44,6530.39,2147.05,1415.19,43.5,455.04,298591,22,17,"6,4",5,3,"6,701,408","5,211,268"
101,Oracle,IT,2018 Q1,4%,73%,23%,9161.13,8281.38,879.75,1399.32,42.09,455.04,298779,24,16,"9,4",3,4,"6,703,443","5,238,654"
102,Oracle,IT,2018 Q2,4%,73%,23%,9161.13,8281.38,879.75,1399.32,40.54,455.04,298967,11,14,"13,5",5,4,"6,705,477","5,266,041"
103,Oracle,IT,2018 Q3,4%,73%,23%,9161.13,8281.38,879.75,1399.32,47.44,455.04,299154,19,10,"9,2",3,4,"6,707,512","5,293,427"
104,Oracle,IT,2018 Q4,4%,73%,23%,9161.13,8281.38,879.75,1399.32,41.54,455.04,299342,21,16,"11,4",3,3,"6,709,546","5,320,814"
105,Oracle,IT,2019 Q1,5%,70%,25%,9086.38,6537.29,2549.09,1385.98,49.41,455.04,299530,11,16,"12,5",3,3,"6,711,581","534,82"
106,Oracle,IT,2019 Q2,5%,70%,25%,9086.38,6537.29,2549.09,1385.98,52.41,455.04,299718,19,18,"14,9",3,3,"6,713,615","5,375,587"
107,Oracle,IT,2019 Q3,5%,70%,25%,9086.38,6537.29,2549.09,1385.98,50.63,455.04,299906,23,12,"9,8",3,5,"6,715,649","5,402,973"
108,Oracle,IT,2019 Q4,5%,70%,25%,9086.38,6537.29,2549.09,1385.98,48.74,455.04,300093,13,18,"12,5",5,5,"6,717,684","543,036"
109,Oracle,IT,2020 Q1,10%,60%,30%,8985.64,6654.59,2331.05,1395.41,44.46,455.04,300281,23,10,"14,5",4,3,"6,719,718","5,457,746"
110,Oracle,IT,2020 Q2,0%,15%,85%,8985.64,6654.59,2331.05,1395.41,50.85,455.04,300469,24,10,"14,3",4,4,"6,721,753","5,485,133"
111,Oracle,IT,2020 Q3,0%,15%,85%,8985.64,6654.59,2331.05,1395.41,54.92,455.04,300657,25,13,"3,8",5,5,"6,723,787","551,252"
112,Oracle,IT,2020 Q4,0%,15%,85%,8985.64,6654.59,2331.05,1395.41,59.51,455.04,300845,24,18,"7,3",5,3,"6,725,822","5,539,906"
113,Oracle,IT,2021 Q1,50%,25%,25%,9310.17,6148.59,3161.58,1501.21,64.56,455.04,301032,17,15,"6,2",4,4,"6,727,856","5,567,293"
114,Oracle,IT,2021 Q2,55%,25%,20%,9310.17,6148.59,3161.58,1501.21,71.61,455.04,301220,23,20,"3,1",4,5,"672,989","5,594,679"
115,Oracle,IT,2021 Q3,55%,25%,20%,9310.17,6148.59,3161.58,1501.21,80.16,455.04,301408,16,12,"10,2",4,4,"6,731,925","5,622,066"
116,Oracle,IT,2021 Q4,55%,25%,20%,9310.17,6148.59,3161.58,1501.21,80.23,455.04,301596,21,10,"11,6",4,4,"6,733,959","5,649,452"
117,Oracle,IT,2022 Q1,60%,25%,15%,9761.2,8216.29,1544.91,1769.62,76.11,455.04,301784,18,13,13,4,4,"6,735,994","5,676,839"
118,Oracle,IT,2022 Q2,60%,25%,15%,9761.2,8216.29,1544.91,1769.62,64.28,455.04,301971,23,18,"3,6",3,4,"6,738,028","5,704,225"
119,Oracle,IT,2022 Q3,60%,25%,15%,9761.2,8216.29,1544.91,1769.62,56.18,455.04,302159,17,12,"13,4",5,5,"6,740,063","5,731,612"
120,Oracle,IT,2022 Q4,60%,25%,15%,9761.2,8216.29,1544.91,1769.62,75.2,455.04,302347,14,18,"10,4",3,5,"6,742,097","5,758,998"
121,Oracle,IT,2023 Q1,55%,30%,15%,11489.42,9533.73,1955.69,2165.45,85.49,455.04,302535,25,16,"11,2",4,5,"6,744,131","5,786,385"
122,Oracle,IT,2023 Q2,55%,30%,15%,11489.42,9533.73,1955.69,2165.45,109.56,455.04,302723,22,13,"13,8",4,3,"6,746,166","5,813,772"
123,Oracle,IT,2023 Q3,55%,30%,15%,11489.42,9533.73,1955.69,2165.45,97.45,455.04,302910,11,12,"10,1",4,5,"67,482","5,841,158"
124,Oracle,IT,2023 Q4,55%,30%,15%,11489.42,9533.73,1955.69,2165.45,97,455.04,303098,24,19,"6,4",3,4,"6,750,235","5,868,545"
125,Oracle,IT,2024 Q1,50%,35%,15%,12181.03,9773.62,2407.41,2050.45,115.56,455.04,303286,14,14,"12,7",3,5,"6,752,269","5,895,931"
126,Oracle,IT,2024 Q2,50%,35%,15%,12181.03,9773.62,2407.41,2050.45,129.9,455.04,303474,17,14,"6,7",4,4,"6,754,304","5,923,318"
127,Oracle,IT,2024 Q3,48%,37%,15%,12181.03,9773.62,2407.41,2050.45,156.77,455.04,303661,19,12,"2,4",3,3,"6,756,338","5,950,704"
128,Oracle,IT,2024 Q4,45%,40%,15%,12181.03,9773.62,2407.41,2050.45,153.31,455.04,303849,18,18,"12,8",3,4,"6,758,372","5,978,091"
129,Johnson & Johnson,Health,2017 Q1,5%,80%,15%,17583.5,17284.5,299,2436.62,114.59,343.68,304037,21,13,"6,5",4,4,"6,760,407","6,005,477"
130,Johnson & Johnson,Health,2017 Q2,5%,80%,15%,17583.5,17284.5,299,2436.62,121.71,343.68,304225,21,20,"12,1",3,4,"6,762,441","6,032,864"
131,Johnson & Johnson,Health,2017 Q3,5%,80%,15%,17583.5,17284.5,299,2436.62,119.61,343.68,304413,21,14,"6,7",5,3,"6,764,476","606,025"
132,Johnson & Johnson,Health,2017 Q4,5%,80%,15%,17583.5,17284.5,299,2436.62,128.54,343.68,304600,22,13,"13,2",5,5,"676,651","6,087,637"
133,Johnson & Johnson,Health,2018 Q1,6%,78%,16%,18763.63,15245.32,3518.31,2478.25,117.9,343.68,304788,18,14,"4,9",5,5,"6,768,545","6,115,023"
134,Johnson & Johnson,Health,2018 Q2,6%,78%,16%,18763.63,15245.32,3518.31,2478.25,111.63,343.68,304976,22,16,"14,7",5,3,"6,770,579","614,241"
135,Johnson & Johnson,Health,2018 Q3,6%,78%,16%,18763.63,15245.32,3518.31,2478.25,127.12,343.68,305164,24,18,"12,1",4,4,"6,772,613","6,169,797"
136,Johnson & Johnson,Health,2018 Q4,6%,78%,16%,18763.63,15245.32,3518.31,2478.25,118.73,343.68,305352,22,16,"3,5",4,5,"6,774,648","6,197,183"
137,Johnson & Johnson,Health,2019 Q1,8%,75%,17%,18873.57,15396.2,3477.37,2611.65,128.61,343.68,305539,10,14,"9,4",4,3,"6,776,682","622,457"
138,Johnson & Johnson,Health,2019 Q2,8%,75%,17%,18873.57,15396.2,3477.37,2611.65,128.14,343.68,305727,18,19,"14,8",5,5,"6,778,717","6,251,956"
139,Johnson & Johnson,Health,2019 Q3,8%,75%,17%,18873.57,15396.2,3477.37,2611.65,119.03,343.68,305915,16,19,"8,1",5,3,"6,780,751","6,279,343"
140,Johnson & Johnson,Health,2019 Q4,8%,75%,17%,18873.57,15396.2,3477.37,2611.65,134.2,343.68,306103,18,16,"4,4",3,4,"6,782,786","6,306,729"
141,Johnson & Johnson,Health,2020 Q1,12%,68%,20%,18994.32,15610.1,3384.22,2838.2,120.64,343.68,306291,17,19,"8,3",3,5,"678,482","6,334,116"
142,Johnson & Johnson,Health,2020 Q2,0%,20%,80%,18994.32,15610.1,3384.22,2838.2,129.38,343.68,306478,10,14,"8,7",5,3,"6,786,854","6,361,502"
143,Johnson & Johnson,Health,2020 Q3,0%,20%,80%,18994.32,15610.1,3384.22,2838.2,136.97,343.68,306666,21,12,"11,6",5,5,"6,788,889","6,388,889"
144,Johnson & Johnson,Health,2020 Q4,0%,20%,80%,18994.32,15610.1,3384.22,2838.2,144.79,343.68,306854,17,16,"11,1",5,5,"6,790,923","6,416,275"
145,Johnson & Johnson,Health,2021 Q1,50%,30%,20%,18110.2,13308.26,4801.94,3283.71,151.2,343.68,307042,17,20,"7,2",5,5,"6,792,958","6,443,662"
146,Johnson & Johnson,Health,2021 Q2,55%,30%,15%,18110.2,13308.26,4801.94,3283.71,151.56,343.68,307230,24,20,"4,8",3,5,"6,794,992","6,471,049"
147,Johnson & Johnson,Health,2021 Q3,55%,30%,15%,18110.2,13308.26,4801.94,3283.71,148.58,343.68,307417,20,11,"10,4",5,3,"6,797,027","6,498,435"
148,Johnson & Johnson,Health,2021 Q4,55%,30%,15%,18110.2,13308.26,4801.94,3283.71,157.38,343.68,307605,12,18,"7,5",3,4,"6,799,061","6,525,822"
149,Johnson & Johnson,Health,2022 Q1,60%,30%,10%,18397.7,14271.27,4126.43,3251.05,163.05,343.68,307793,10,19,"3,7",5,3,"6,801,095","6,553,208"
150,Johnson & Johnson,Health,2022 Q2,60%,30%,10%,18397.7,14271.27,4126.43,3251.05,163.31,343.68,307981,17,19,"13,7",5,3,"680,313","6,580,595"
151,Johnson & Johnson,Health,2022 Q3,60%,30%,10%,18397.7,14271.27,4126.43,3251.05,150.29,343.68,308169,12,10,11,5,3,"6,805,164","6,607,981"
152,Johnson & Johnson,Health,2022 Q4,60%,30%,10%,18397.7,14271.27,4126.43,3251.05,162.52,343.68,308356,12,15,"10,9",3,4,"6,807,199","6,635,368"
153,Johnson & Johnson,Health,2023 Q1,55%,35%,10%,19586.57,11501.38,8085.19,3461.04,142.6,343.68,308544,10,16,"12,7",3,5,"6,809,233","6,662,754"
154,Johnson & Johnson,Health,2023 Q2,55%,35%,10%,19586.57,11501.38,8085.19,3461.04,152.28,343.68,308732,20,17,"8,9",4,5,"6,811,268","6,690,141"
155,Johnson & Johnson,Health,2023 Q3,55%,35%,10%,19586.57,11501.38,8085.19,3461.04,143.29,343.68,308920,14,19,"12,6",5,5,"6,813,302","6,717,527"
156,Johnson & Johnson,Health,2023 Q4,55%,35%,10%,19586.57,11501.38,8085.19,3461.04,144.2,343.68,309107,19,18,"8,5",4,4,"6,815,336","6,744,914"
157,Johnson & Johnson,Health,2024 Q1,50%,40%,10%,20428.83,17193.65,3235.18,3963.36,145.53,343.68,309295,16,11,"2,9",4,5,"6,817,371","677,23"
158,Johnson & Johnson,Health,2024 Q2,50%,40%,10%,20428.83,17193.65,3235.18,3963.36,134.47,343.68,309483,19,20,"7,3",3,4,"6,819,405","6,799,687"
159,Johnson & Johnson,Health,2024 Q3,48%,42%,10%,20428.83,17193.65,3235.18,3963.36,149.1,343.68,309671,18,19,"8,5",3,5,"682,144","6,827,074"
160,Johnson & Johnson,Health,2024 Q4,45%,45%,10%,20428.83,17193.65,3235.18,3963.36,133.05,343.68,309859,21,11,"11,4",4,5,"6,823,474","685,446"
161,Pfizer,Health,2017 Q1,4%,82%,14%,12085.58,7184.74,4900.84,1761.11,31.47,128.04,310046,16,14,"3,4",5,3,"6,825,509","6,881,847"
162,Pfizer,Health,2017 Q2,4%,82%,14%,12085.58,7184.74,4900.84,1761.11,30.9,128.04,310234,18,14,"3,8",3,4,"6,827,543","6,909,233"
163,Pfizer,Health,2017 Q3,4%,82%,14%,12085.58,7184.74,4900.84,1761.11,32.84,128.04,310422,17,15,"5,4",5,3,"6,829,577","693,662"
164,Pfizer,Health,2017 Q4,4%,82%,14%,12085.58,7184.74,4900.84,1761.11,33.32,128.04,310610,21,12,"5,5",5,3,"6,831,612","6,964,006"
165,Pfizer,Health,2018 Q1,5%,80%,15%,12338.81,9773.62,2565.19,1841.38,32.65,128.04,310798,11,17,"11,5",4,3,"6,833,646","6,991,393"
166,Pfizer,Health,2018 Q2,5%,80%,15%,12338.81,9773.62,2565.19,1841.38,33.38,128.04,310985,10,10,"5,3",4,4,"6,835,681","7,018,779"
167,Pfizer,Health,2018 Q3,5%,80%,15%,12338.81,9773.62,2565.19,1841.38,40.54,128.04,311173,25,15,"10,2",4,4,"6,837,715","7,046,166"
168,Pfizer,Health,2018 Q4,5%,80%,15%,12338.81,9773.62,2565.19,1841.38,40.16,128.04,311361,16,13,"8,4",4,5,"683,975","7,073,552"
169,Pfizer,Health,2019 Q1,7%,77%,16%,11902.5,8159.71,3742.79,1989.5,39.07,128.04,311549,16,10,"9,5",3,3,"6,841,784","7,100,939"
170,Pfizer,Health,2019 Q2,7%,77%,16%,11902.5,8159.71,3742.79,1989.5,39.85,128.04,311737,23,16,"12,9",3,5,"6,843,818","7,128,326"
171,Pfizer,Health,2019 Q3,7%,77%,16%,11902.5,8159.71,3742.79,1989.5,33.06,128.04,311924,17,18,"7,3",4,3,"6,845,853","7,155,712"
172,Pfizer,Health,2019 Q4,7%,77%,16%,11902.5,8159.71,3742.79,1989.5,36.05,128.04,312112,14,13,12,3,4,"6,847,887","7,183,099"
173,Pfizer,Health,2020 Q1,15%,65%,20%,9638.84,8024.24,1614.6,2163.15,30.03,128.04,312300,12,13,"7,5",4,4,"6,849,922","7,210,485"
174,Pfizer,Health,2020 Q2,0%,25%,75%,9638.84,8024.24,1614.6,2163.15,30.08,128.04,312488,21,15,"6,6",5,4,"6,851,956","7,237,872"
175,Pfizer,Health,2020 Q3,0%,25%,75%,9638.84,8024.24,1614.6,2163.15,33.76,128.04,312676,17,12,"14,5",5,3,"6,853,991","7,265,258"
176,Pfizer,Health,2020 Q4,0%,25%,75%,9638.84,8024.24,1614.6,2163.15,33.87,128.04,312863,15,15,"4,4",5,4,"6,856,025","7,292,645"
177,Pfizer,Health,2021 Q1,55%,25%,20%,18696.24,13641.07,5055.17,3180.67,33.33,128.04,313051,20,16,"3,2",4,3,"6,858,059","7,320,031"
178,Pfizer,Health,2021 Q2,60%,25%,15%,18696.24,13641.07,5055.17,3180.67,36.03,128.04,313239,12,20,12,5,5,"6,860,094","7,347,418"
179,Pfizer,Health,2021 Q3,60%,25%,15%,18696.24,13641.07,5055.17,3180.67,39.57,128.04,313427,10,19,"2,9",3,3,"6,862,128","7,374,804"
180,Pfizer,Health,2021 Q4,60%,25%,15%,18696.24,13641.07,5055.17,3180.67,54.33,128.04,313615,12,19,"12,9",5,5,"6,864,163","7,402,191"
181,Pfizer,Health,2022 Q1,65%,25%,10%,23075.9,15860.34,7215.56,2628.44,47.63,128.04,313802,14,12,"7,7",5,3,"6,866,197","7,429,577"
182,Pfizer,Health,2022 Q2,65%,25%,10%,23075.9,15860.34,7215.56,2628.44,48.24,128.04,313990,24,16,"13,9",5,5,"6,868,232","7,456,964"
183,Pfizer,Health,2022 Q3,65%,25%,10%,23075.9,15860.34,7215.56,2628.44,40.26,128.04,314178,23,12,"11,4",3,4,"6,870,266","7,484,351"
184,Pfizer,Health,2022 Q4,65%,25%,10%,23075.9,15860.34,7215.56,2628.44,47.14,128.04,314366,12,11,"9,9",4,5,"68,723","7,511,737"
185,Pfizer,Health,2023 Q1,60%,30%,10%,13454.08,12966.71,487.37,2456.17,37.54,128.04,314553,10,19,"14,3",3,4,"6,874,335","7,539,124"
186,Pfizer,Health,2023 Q2,60%,30%,10%,13454.08,12966.71,487.37,2456.17,33.75,128.04,314741,14,13,"7,2",4,4,"6,876,369","756,651"
187,Pfizer,Health,2023 Q3,60%,30%,10%,13454.08,12966.71,487.37,2456.17,30.52,128.04,314929,19,17,"14,4",4,5,"6,878,404","7,593,897"
188,Pfizer,Health,2023 Q4,60%,30%,10%,13454.08,12966.71,487.37,2456.17,26.49,128.04,315117,16,18,"3,8",5,3,"6,880,438","7,621,283"
189,Pfizer,Health,2024 Q1,55%,35%,10%,14634.21,12787.08,1847.13,2489.06,25.53,128.04,315305,24,16,"8,3",4,3,"6,882,473","764,867"
190,Pfizer,Health,2024 Q2,55%,35%,10%,14634.21,12787.08,1847.13,2489.06,25.74,128.04,315492,23,10,"5,5",3,3,"6,884,507","7,676,056"
191,Pfizer,Health,2024 Q3,53%,37%,10%,14634.21,12787.08,1847.13,2489.06,26.62,128.04,315680,16,12,9,3,3,"6,886,541","7,703,443"
192,Pfizer,Health,2024 Q4,50%,40%,10%,14634.21,12787.08,1847.13,2489.06,24.41,128.04,315868,20,18,"4,1",4,3,"6,888,576","7,730,829"
193,Merck & Co.,Health,2017 Q1,4%,80%,16%,9228.06,8637.42,590.64,2295.86,58.46,185.55,316056,18,10,"12,9",5,4,"689,061","7,758,216"
194,Merck & Co.,Health,2017 Q2,4%,80%,16%,9228.06,8637.42,590.64,2295.86,58.96,185.55,316244,24,18,13,5,3,"6,892,645","7,785,603"
195,Merck & Co.,Health,2017 Q3,4%,80%,16%,9228.06,8637.42,590.64,2295.86,58.91,185.55,316431,24,17,"14,4",3,4,"6,894,679","7,812,989"
196,Merck & Co.,Health,2017 Q4,4%,80%,16%,9228.06,8637.42,590.64,2295.86,51.77,185.55,316619,19,10,4,5,4,"6,896,714","7,840,376"
197,Merck & Co.,Health,2018 Q1,5%,78%,17%,9727.62,8297.02,1430.6,2242.96,50.11,185.55,316807,19,15,"10,1",4,4,"6,898,748","7,867,762"
198,Merck & Co.,Health,2018 Q2,5%,78%,17%,9727.62,8297.02,1430.6,2242.96,55.84,185.55,316995,21,14,"8,2",4,5,"6,900,782","7,895,149"
199,Merck & Co.,Health,2018 Q3,5%,78%,17%,9727.62,8297.02,1430.6,2242.96,65.26,185.55,317183,22,15,"6,5",3,5,"6,902,817","7,922,535"
200,Merck & Co.,Health,2018 Q4,5%,78%,17%,9727.62,8297.02,1430.6,2242.96,70.3,185.55,317370,12,19,"6,6",4,4,"6,904,851","7,949,922"
201,Merck & Co.,Health,2019 Q1,7%,75%,18%,10773.2,8509.31,2263.89,2270.56,76.52,185.55,317558,24,14,"7,4",3,5,"6,906,886","7,977,308"
202,Merck & Co.,Health,2019 Q2,7%,75%,18%,10773.2,8509.31,2263.89,2270.56,77.14,185.55,317746,25,15,"11,2",4,3,"690,892","8,004,695"
203,Merck & Co.,Health,2019 Q3,7%,75%,18%,10773.2,8509.31,2263.89,2270.56,77.45,185.55,317934,16,14,"9,8",3,3,"6,910,955","8,032,081"
204,Merck & Co.,Health,2019 Q4,7%,75%,18%,10773.2,8509.31,2263.89,2270.56,83.67,185.55,318122,10,20,8,5,4,"6,912,989","8,059,468"
205,Merck & Co.,Health,2020 Q1,13%,65%,22%,9549.14,7923.73,1625.41,3081.31,70.78,185.55,318309,13,14,3,4,3,"6,915,023","8,086,854"
206,Merck & Co.,Health,2020 Q2,0%,20%,80%,9549.14,7923.73,1625.41,3081.31,71.14,185.55,318497,22,13,3,4,4,"6,917,058","8,114,241"
207,Merck & Co.,Health,2020 Q3,0%,20%,80%,9549.14,7923.73,1625.41,3081.31,76.31,185.55,318685,25,12,2,3,4,"6,919,092","8,141,628"
208,Merck & Co.,Health,2020 Q4,0%,20%,80%,9549.14,7923.73,1625.41,3081.31,75.26,185.55,318873,13,12,"14,6",3,3,"6,921,127","8,169,014"
209,Merck & Co.,Health,2021 Q1,55%,25%,20%,11201.92,8200.65,3001.27,2816.35,70.92,185.55,319061,23,13,"2,1",4,5,"6,923,161","8,196,401"
210,Merck & Co.,Health,2021 Q2,60%,25%,15%,11201.92,8200.65,3001.27,2816.35,71.55,185.55,319248,14,18,"3,3",3,3,"6,925,196","8,223,787"
211,Merck & Co.,Health,2021 Q3,60%,25%,15%,11201.92,8200.65,3001.27,2816.35,69.1,185.55,319436,16,11,"6,1",4,3,"692,723","8,251,174"
212,Merck & Co.,Health,2021 Q4,60%,25%,15%,11201.92,8200.65,3001.27,2816.35,70.51,185.55,319624,16,18,"12,5",5,4,"6,929,264","827,856"
213,Merck & Co.,Health,2022 Q1,65%,25%,10%,13635.09,10295.72,3339.37,3116.04,75.49,185.55,319812,22,10,"14,5",3,4,"6,931,299","8,305,947"
214,Merck & Co.,Health,2022 Q2,65%,25%,10%,13635.09,10295.72,3339.37,3116.04,83.88,185.55,320000,24,10,"12,3",4,4,"6,933,333","8,333,333"
215,Merck & Co.,Health,2022 Q3,65%,25%,10%,13635.09,10295.72,3339.37,3116.04,79.23,185.55,320187,20,14,11,5,4,"6,935,368","836,072"
216,Merck & Co.,Health,2022 Q4,65%,25%,10%,13635.09,10295.72,3339.37,3116.04,102.07,185.55,320375,22,15,"8,8",5,5,"6,937,402","8,388,106"
217,Merck & Co.,Health,2023 Q1,60%,30%,10%,13826.45,13742.5,83.95,7022.13,97.88,185.55,320563,13,15,"3,1",4,5,"6,939,437","8,415,493"
218,Merck & Co.,Health,2023 Q2,60%,30%,10%,13826.45,13742.5,83.95,7022.13,106.16,185.55,320751,22,12,"14,5",3,5,"6,941,471","8,442,879"
219,Merck & Co.,Health,2023 Q3,60%,30%,10%,13826.45,13742.5,83.95,7022.13,94.71,185.55,320938,25,16,"11,9",4,4,"6,943,505","8,470,266"
220,Merck & Co.,Health,2023 Q4,60%,30%,10%,13826.45,13742.5,83.95,7022.13,100.3,185.55,321126,16,18,"10,3",5,4,"694,554","8,497,653"
221,Merck & Co.,Health,2024 Q1,55%,35%,10%,14758.64,10821.73,3936.91,4125.74,121.39,185.55,321314,20,20,"11,9",4,4,"6,947,574","8,525,039"
222,Merck & Co.,Health,2024 Q2,55%,35%,10%,14758.64,10821.73,3936.91,4125.74,113.9,185.55,321502,12,19,"11,4",3,5,"6,949,609","8,552,426"
223,Merck & Co.,Health,2024 Q3,53%,37%,10%,14758.64,10821.73,3936.91,4125.74,104.48,185.55,321690,15,17,"10,3",5,4,"6,951,643","8,579,812"
224,Merck & Co.,Health,2024 Q4,50%,40%,10%,14758.64,10821.73,3936.91,4125.74,91.52,185.55,321877,21,15,"14,7",4,3,"6,953,678","8,607,199"
225,UnitedHealth Group,Health,2017 Q1,10%,70%,20%,46266.57,43838.23,2428.34,0,150.89,259.18,322065,11,17,"13,7",3,3,"6,955,712","8,634,585"
226,UnitedHealth Group,Health,2017 Q2,10%,70%,20%,46266.57,43838.23,2428.34,0,170.59,259.18,322253,19,14,"10,4",5,4,"6,957,746","8,661,972"
227,UnitedHealth Group,Health,2017 Q3,10%,70%,20%,46266.57,43838.23,2428.34,0,180.18,259.18,322441,22,17,11,3,3,"6,959,781","8,689,358"
228,UnitedHealth Group,Health,2017 Q4,10%,70%,20%,46266.57,43838.23,2428.34,0,202.82,259.18,322629,23,19,"2,7",5,3,"6,961,815","8,716,745"
229,UnitedHealth Group,Health,2018 Q1,12%,68%,20%,52036.81,49280.03,2756.78,0,196.88,259.18,322816,18,13,"10,7",4,5,"696,385","8,744,131"
230,UnitedHealth Group,Health,2018 Q2,12%,68%,20%,52036.81,49280.03,2756.78,0,225.71,259.18,323004,14,19,"2,6",3,4,"6,965,884","8,771,518"
231,UnitedHealth Group,Health,2018 Q3,12%,68%,20%,52036.81,49280.03,2756.78,0,244.76,259.18,323192,15,17,"9,6",5,4,"6,967,919","8,798,905"
232,UnitedHealth Group,Health,2018 Q4,12%,68%,20%,52036.81,49280.03,2756.78,0,229.19,259.18,323380,21,19,15,3,5,"6,969,953","8,826,291"
233,UnitedHealth Group,Health,2019 Q1,15%,65%,20%,55695.65,52512.68,3182.97,0,227.48,259.18,323568,21,11,"9,2",3,3,"6,971,987","8,853,678"
234,UnitedHealth Group,Health,2019 Q2,15%,65%,20%,55695.65,52512.68,3182.97,0,224.49,259.18,323755,21,14,"8,2",4,3,"6,974,022","8,881,064"
235,UnitedHealth Group,Health,2019 Q3,15%,65%,20%,55695.65,52512.68,3182.97,0,199.93,259.18,323943,21,18,"6,1",3,4,"6,976,056","8,908,451"
236,UnitedHealth Group,Health,2019 Q4,15%,65%,20%,55695.65,52512.68,3182.97,0,270.46,259.18,324131,13,13,"3,6",5,3,"6,978,091","8,935,837"
237,UnitedHealth Group,Health,2020 Q1,50%,10%,40%,58796.97,55254.28,3542.69,0,229.43,259.18,324319,23,20,"11,5",5,5,"6,980,125","8,963,224"
238,UnitedHealth Group,Health,2020 Q2,50%,10%,40%,58796.97,55254.28,3542.69,0,271.35,259.18,324507,23,15,"4,5",5,5,"698,216","899,061"
239,UnitedHealth Group,Health,2020 Q3,50%,10%,40%,58796.97,55254.28,3542.69,0,286.83,259.18,324694,20,10,"3,5",5,4,"6,984,194","9,017,997"
240,UnitedHealth Group,Health,2020 Q4,50%,10%,40%,58796.97,55254.28,3542.69,0,322.63,259.18,324882,25,18,"7,5",4,5,"6,986,228","9,045,383"
241,UnitedHealth Group,Health,2021 Q1,60%,20%,20%,65612.79,61637.24,3975.55,0,342.3,259.18,325070,19,10,"12,3",3,5,"6,988,263","907,277"
242,UnitedHealth Group,Health,2021 Q2,60%,20%,20%,65612.79,61637.24,3975.55,0,368.4,259.18,325258,16,14,"11,7",4,4,"6,990,297","9,100,156"
243,UnitedHealth Group,Health,2021 Q3,60%,20%,20%,65612.79,61637.24,3975.55,0,359.48,259.18,325446,21,13,"2,7",3,5,"6,992,332","9,127,543"
244,UnitedHealth Group,Health,2021 Q4,60%,20%,20%,65612.79,61637.24,3975.55,0,461.97,259.18,325633,18,12,"7,9",3,5,"6,994,366","915,493"
245,UnitedHealth Group,Health,2022 Q1,65%,25%,10%,74090.36,69462.76,4627.6,0,469.17,259.18,325821,16,15,"8,8",3,5,"6,996,401","9,182,316"
246,UnitedHealth Group,Health,2022 Q2,65%,25%,10%,74090.36,69462.76,4627.6,0,472.54,259.18,326009,23,11,"10,4",4,3,"6,998,435","9,209,703"
247,UnitedHealth Group,Health,2022 Q3,65%,25%,10%,74090.36,69462.76,4627.6,0,464.64,259.18,326197,10,12,"10,5",3,4,"7,000,469","9,237,089"
248,UnitedHealth Group,Health,2022 Q4,65%,25%,10%,74090.36,69462.76,4627.6,0,487.77,259.18,326384,10,14,"6,7",4,4,"7,002,504","9,264,476"
249,UnitedHealth Group,Health,2023 Q1,70%,20%,10%,84532.59,79384.96,5147.63,0,434.78,259.18,326572,18,18,"9,3",5,4,"7,004,538","9,291,862"
250,UnitedHealth Group,Health,2023 Q2,70%,20%,10%,84532.59,79384.96,5147.63,0,442.19,259.18,326760,20,11,"8,3",5,3,"7,006,573","9,319,249"
251,UnitedHealth Group,Health,2023 Q3,70%,20%,10%,84532.59,79384.96,5147.63,0,463.85,259.18,326948,23,19,"13,5",3,3,"7,008,607","9,346,635"
252,UnitedHealth Group,Health,2023 Q4,70%,20%,10%,84532.59,79384.96,5147.63,0,484.35,259.18,327136,18,17,"8,9",4,4,"7,010,642","9,374,022"
253,UnitedHealth Group,Health,2024 Q1,75%,15%,10%,92063.94,88750.79,3313.15,0,455.12,259.18,327323,13,11,"7,7",5,3,"7,012,676","9,401,408"
254,UnitedHealth Group,Health,2024 Q2,75%,15%,10%,92063.94,88750.79,3313.15,0,468.52,259.18,327511,22,20,"7,3",4,4,"701,471","9,428,795"
255,UnitedHealth Group,Health,2024 Q3,75%,15%,10%,92063.94,88750.79,3313.15,0,537.91,259.18,327699,18,14,"9,4",4,3,"7,016,745","9,456,182"
256,UnitedHealth Group,Health,2024 Q4,75%,15%,10%,92063.94,88750.79,3313.15,0,465.39,259.18,327887,12,16,"12,5",3,5,"7,018,779","9,483,568"
257,Caterpillar,Construction,2017 Q1,5%,90%,5%,10456.26,10282.84,173.42,438.15,85.34,157.13,328075,16,17,9,5,5,"7,020,814","9,510,955"
258,Caterpillar,Construction,2017 Q2,5%,90%,5%,10456.26,10282.84,173.42,438.15,98.86,157.13,328262,15,10,"10,6",3,4,"7,022,848","9,538,341"
259,Caterpillar,Construction,2017 Q3,5%,90%,5%,10456.26,10282.84,173.42,438.15,114.73,157.13,328450,17,15,"11,6",3,3,"7,024,883","9,565,728"
260,Caterpillar,Construction,2017 Q4,5%,90%,5%,10456.26,10282.84,173.42,438.15,144.97,157.13,328638,20,10,"8,8",5,3,"7,026,917","9,593,114"
261,Caterpillar,Construction,2018 Q1,5%,90%,5%,12586.06,11172.25,1413.81,425.5,135.59,157.13,328826,18,11,"7,5",5,5,"7,028,951","9,620,501"
262,Caterpillar,Construction,2018 Q2,5%,90%,5%,12586.06,11172.25,1413.81,425.5,124.82,157.13,329014,23,10,"13,4",4,5,"7,030,986","9,647,887"
263,Caterpillar,Construction,2018 Q3,5%,90%,5%,12586.06,11172.25,1413.81,425.5,140.29,157.13,329201,14,20,"7,4",5,3,"703,302","9,675,274"
264,Caterpillar,Construction,2018 Q4,5%,90%,5%,12586.06,11172.25,1413.81,425.5,116.9,157.13,329389,10,14,8,4,3,"7,035,055","970,266"
265,Caterpillar,Construction,2019 Q1,5%,90%,5%,12374,10972.61,1401.39,389.39,124.65,157.13,329577,12,19,"14,9",4,3,"7,037,089","9,730,047"
266,Caterpillar,Construction,2019 Q2,5%,90%,5%,12374,10972.61,1401.39,389.39,125.39,157.13,329765,19,18,2,4,3,"7,039,124","9,757,433"
267,Caterpillar,Construction,2019 Q3,5%,90%,5%,12374,10972.61,1401.39,389.39,116.21,157.13,329953,21,15,"4,4",5,3,"7,041,158","978,482"
268,Caterpillar,Construction,2019 Q4,5%,90%,5%,12374,10972.61,1401.39,389.39,135.87,157.13,330140,17,20,7,3,3,"7,043,192","9,812,207"
269,Caterpillar,Construction,2020 Q1,10%,60%,30%,9602.04,8912.5,689.54,325.45,106.76,157.13,330328,24,20,"14,1",4,4,"7,045,227","9,839,593"
270,Caterpillar,Construction,2020 Q2,50%,30%,20%,9602.04,8912.5,689.54,325.45,116.38,157.13,330516,20,10,"2,9",3,3,"7,047,261","986,698"
271,Caterpillar,Construction,2020 Q3,50%,30%,20%,9602.04,8912.5,689.54,325.45,137.22,157.13,330704,15,10,"2,1",3,5,"7,049,296","9,894,366"
272,Caterpillar,Construction,2020 Q4,50%,30%,20%,9602.04,8912.5,689.54,325.45,167.46,157.13,330892,25,11,"2,7",5,4,"705,133","9,921,753"
273,Caterpillar,Construction,2021 Q1,50%,30%,20%,11723.33,10230.86,1492.47,387.78,213.32,157.13,331079,25,18,"3,2",3,3,"7,053,365","9,949,139"
274,Caterpillar,Construction,2021 Q2,60%,30%,10%,11723.33,10230.86,1492.47,387.78,200.22,157.13,331267,17,12,"2,5",3,5,"7,055,399","9,976,526"
275,Caterpillar,Construction,2021 Q3,60%,30%,10%,11723.33,10230.86,1492.47,387.78,176.61,157.13,331455,18,10,"8,2",5,4,"7,057,433","1,000,391"
276,Caterpillar,Construction,2021 Q4,60%,30%,10%,11723.33,10230.86,1492.47,387.78,190.2,157.13,331643,13,14,"9,5",4,5,"7,059,468","1003,13"
277,Caterpillar,Construction,2022 Q1,60%,30%,10%,13668.21,12126.06,1542.15,417.22,204.99,157.13,331830,10,16,"5,5",3,3,"7,061,502","1,005,869"
278,Caterpillar,Construction,2022 Q2,60%,30%,10%,13668.21,12126.06,1542.15,417.22,164.46,157.13,332018,23,15,"7,2",5,3,"7,063,537","1,008,607"
279,Caterpillar,Construction,2022 Q3,60%,30%,10%,13668.21,12126.06,1542.15,417.22,150.95,157.13,332206,10,10,"3,2",3,3,"7,065,571","1,011,346"
280,Caterpillar,Construction,2022 Q4,60%,30%,10%,13668.21,12126.06,1542.15,417.22,220.4,157.13,332394,19,14,"6,4",3,3,"7,067,606","1,014,085"
281,Caterpillar,Construction,2023 Q1,60%,30%,10%,15423.8,13046.75,2377.05,484.84,210.53,157.13,332582,13,14,"8,8",4,4,"706,964","1,016,823"
282,Caterpillar,Construction,2023 Q2,60%,30%,10%,15423.8,13046.75,2377.05,484.84,226.37,157.13,332769,21,15,"11,5",3,4,"7,071,674","1,019,562"
283,Caterpillar,Construction,2023 Q3,60%,30%,10%,15423.8,13046.75,2377.05,484.84,251.16,157.13,332957,23,12,2,5,5,"7,073,709","1022,3"
284,Caterpillar,Construction,2023 Q4,60%,30%,10%,15423.8,13046.75,2377.05,484.84,272.02,157.13,333145,16,14,"8,1",3,3,"7,075,743","1,025,039"
285,Caterpillar,Construction,2024 Q1,60%,30%,10%,14906.07,12423.91,2482.16,484.61,337.12,157.13,333333,11,16,"5,9",4,5,"7,077,778","1,027,778"
286,Caterpillar,Construction,2024 Q2,60%,30%,10%,14906.07,12423.91,2482.16,484.61,306.45,157.13,333521,12,14,"13,1",4,4,"7,079,812","1,030,516"
287,Caterpillar,Construction,2024 Q3,60%,30%,10%,14906.07,12423.91,2482.16,484.61,359.83,157.13,333708,10,14,"11,3",5,3,"7,081,847","1,033,255"
288,Caterpillar,Construction,2024 Q4,60%,30%,10%,14906.07,12423.91,2482.16,484.61,333.74,157.13,333896,14,14,"9,7",4,3,"7,083,881","1,035,994"
289,Vulcan Materials Company,Construction,2017 Q1,0%,100%,0%,894.77,756.5,138.27,0,110.84,31.74,334084,10,19,"5,6",3,4,"7,085,915","1,038,732"
290,Vulcan Materials Company,Construction,2017 Q2,0%,100%,0%,894.77,756.5,138.27,0,116.55,31.74,334272,17,19,"13,8",4,4,"708,795","1,041,471"
291,Vulcan Materials Company,Construction,2017 Q3,0%,100%,0%,894.77,756.5,138.27,0,110.03,31.74,334460,10,12,"2,6",5,4,"7,089,984","1044,21"
292,Vulcan Materials Company,Construction,2017 Q4,0%,100%,0%,894.77,756.5,138.27,0,118.1,31.74,334647,20,10,"3,4",4,4,"7,092,019","1,046,948"
293,Vulcan Materials Company,Construction,2018 Q1,0%,100%,0%,1008.06,889.42,118.64,0,105.04,31.74,334835,10,14,"7,1",4,4,"7,094,053","1,049,687"
294,Vulcan Materials Company,Construction,2018 Q2,0%,100%,0%,1008.06,889.42,118.64,0,118.74,31.74,335023,11,18,"3,6",4,3,"7,096,088","1,052,426"
295,Vulcan Materials Company,Construction,2018 Q3,0%,100%,0%,1008.06,889.42,118.64,0,102.3,31.74,335211,11,10,"14,4",5,4,"7,098,122","1,055,164"
296,Vulcan Materials Company,Construction,2018 Q4,0%,100%,0%,1008.06,889.42,118.64,0,90.9,31.74,335399,21,12,"12,4",4,3,"7,100,156","1,057,903"
297,Vulcan Materials Company,Construction,2019 Q1,0%,100%,0%,1133.69,991.63,142.06,0,108.93,31.74,335586,15,13,"5,4",4,3,"7,102,191","1,060,642"
298,Vulcan Materials Company,Construction,2019 Q2,0%,100%,0%,1133.69,991.63,142.06,0,126.33,31.74,335774,16,10,"9,7",3,4,"7,104,225","1063,38"
299,Vulcan Materials Company,Construction,2019 Q3,0%,100%,0%,1133.69,991.63,142.06,0,139.14,31.74,335962,14,10,"14,8",5,4,"710,626","1,066,119"
300,Vulcan Materials Company,Construction,2019 Q4,0%,100%,0%,1133.69,991.63,142.06,0,132.47,31.74,336150,25,17,"13,5",4,3,"7,108,294","1,068,858"
301,Vulcan Materials Company,Construction,2020 Q1,10%,80%,10%,1117.07,982.63,134.44,0,99.42,31.74,336338,10,11,"9,8",5,4,"7,110,329","1,071,596"
302,Vulcan Materials Company,Construction,2020 Q2,20%,70%,10%,1117.07,982.63,134.44,0,106.58,31.74,336525,10,17,"13,7",4,4,"7,112,363","1,074,335"
303,Vulcan Materials Company,Construction,2020 Q3,20%,70%,10%,1117.07,982.63,134.44,0,124.7,31.74,336713,12,16,"14,9",4,4,"7,114,397","1,077,074"
304,Vulcan Materials Company,Construction,2020 Q4,20%,70%,10%,1117.07,982.63,134.44,0,136.45,31.74,336901,23,19,"11,7",4,5,"7,116,432","1,079,812"
305,Vulcan Materials Company,Construction,2021 Q1,20%,70%,10%,1277.01,1122.72,154.28,0,155.25,31.74,337089,11,19,"2,8",3,3,"7,118,466","1,082,551"
306,Vulcan Materials Company,Construction,2021 Q2,30%,60%,10%,1277.01,1122.72,154.28,0,160.14,31.74,337276,14,11,"7,2",3,5,"7,120,501","1085,29"
307,Vulcan Materials Company,Construction,2021 Q3,30%,60%,10%,1277.01,1122.72,154.28,0,155.63,31.74,337464,21,15,"12,9",3,4,"7,122,535","1,088,028"
308,Vulcan Materials Company,Construction,2021 Q4,30%,60%,10%,1277.01,1122.72,154.28,0,190.97,31.74,337652,19,15,5,5,5,"712,457","1,090,767"
309,Vulcan Materials Company,Construction,2022 Q1,40%,50%,10%,1682.5,1550.11,132.39,0,169,31.74,337840,25,12,"12,8",5,4,"7,126,604","1,093,505"
310,Vulcan Materials Company,Construction,2022 Q2,40%,50%,10%,1682.5,1550.11,132.39,0,130.73,31.74,338028,15,20,"3,6",3,5,"7,128,638","1,096,244"
311,Vulcan Materials Company,Construction,2022 Q3,40%,50%,10%,1682.5,1550.11,132.39,0,145.09,31.74,338215,25,11,"2,6",5,4,"7,130,673","1,098,983"
312,Vulcan Materials Company,Construction,2022 Q4,40%,50%,10%,1682.5,1550.11,132.39,0,161.1,31.74,338403,16,10,7,4,5,"7,132,707","1,101,721"
313,Vulcan Materials Company,Construction,2023 Q1,50%,40%,10%,1789.84,1575.2,214.64,0,157.84,31.74,338591,13,15,"2,5",4,5,"7,134,742","1104,46"
314,Vulcan Materials Company,Construction,2023 Q2,50%,40%,10%,1789.84,1575.2,214.64,0,207.4,31.74,338779,16,14,"14,4",4,5,"7,136,776","1,107,199"
315,Vulcan Materials Company,Construction,2023 Q3,50%,40%,10%,1789.84,1575.2,214.64,0,185.86,31.74,338967,20,20,"12,7",3,3,"7,138,811","1,109,937"
316,Vulcan Materials Company,Construction,2023 Q4,50%,40%,10%,1789.84,1575.2,214.64,0,208.85,31.74,339154,17,18,"12,4",5,5,"7,140,845","1,112,676"
317,Vulcan Materials Company,Construction,2024 Q1,50%,40%,10%,1706.07,1496.33,209.74,0,251.09,31.74,339342,20,10,"10,2",3,3,"7,142,879","1,115,415"
318,Vulcan Materials Company,Construction,2024 Q2,50%,40%,10%,1706.07,1496.33,209.74,0,228.79,31.74,339530,10,16,"4,8",5,4,"7,144,914","1,118,153"
319,Vulcan Materials Company,Construction,2024 Q3,50%,40%,10%,1706.07,1496.33,209.74,0,230.4,31.74,339718,24,14,"8,7",4,5,"7,146,948","1,120,892"
320,Vulcan Materials Company,Construction,2024 Q4,50%,40%,10%,1706.07,1496.33,209.74,0,236.65,31.74,339906,15,14,"9,8",3,4,"7,148,983","1,123,631"
321,Fluor Corporation,Construction,2017 Q1,0%,100%,0%,4489.82,4445.81,44.02,0,48.41,7.54,340093,17,11,"8,8",5,4,"7,151,017","1,126,369"
322,Fluor Corporation,Construction,2017 Q2,0%,100%,0%,4489.82,4445.81,44.02,0,42.12,7.54,340281,14,20,"5,4",5,5,"7,153,052","1,129,108"
323,Fluor Corporation,Construction,2017 Q3,0%,100%,0%,4489.82,4445.81,44.02,0,38.73,7.54,340469,13,12,"8,7",4,3,"7,155,086","1,131,847"
324,Fluor Corporation,Construction,2017 Q4,0%,100%,0%,4489.82,4445.81,44.02,0,47.52,7.54,340657,11,16,"8,4",3,5,"7,157,121","1,134,585"
325,Fluor Corporation,Construction,2018 Q1,0%,100%,0%,4408.32,4356.61,51.7,0,52.64,7.54,340845,15,15,15,3,4,"7,159,155","1,137,324"
326,Fluor Corporation,Construction,2018 Q2,0%,100%,0%,4408.32,4356.61,51.7,0,44.88,7.54,341032,15,11,"13,7",3,4,"7,161,189","1,140,063"
327,Fluor Corporation,Construction,2018 Q3,0%,100%,0%,4408.32,4356.61,51.7,0,53.45,7.54,341220,20,15,8,4,5,"7,163,224","1,142,801"
328,Fluor Corporation,Construction,2018 Q4,0%,100%,0%,4408.32,4356.61,51.7,0,29.62,7.54,341408,24,11,"10,1",3,3,"7,165,258","1145,54"
329,Fluor Corporation,Construction,2019 Q1,0%,100%,0%,3300.04,3650.14,-350.1,0,33.86,7.54,341596,25,11,"11,7",4,3,"7,167,293","1,148,279"
330,Fluor Corporation,Construction,2019 Q2,0%,100%,0%,3300.04,3650.14,-350.1,0,30.99,7.54,341784,25,11,"2,5",4,4,"7,169,327","1,151,017"
331,Fluor Corporation,Construction,2019 Q3,0%,100%,0%,3300.04,3650.14,-350.1,0,17.6,7.54,341971,10,20,"13,6",4,4,"7,171,362","1,153,756"
332,Fluor Corporation,Construction,2019 Q4,0%,100%,0%,3300.04,3650.14,-350.1,0,17.37,7.54,342159,18,12,"13,2",5,3,"7,173,396","1,156,495"
333,Fluor Corporation,Construction,2020 Q1,10%,80%,10%,3603.75,3655.65,-51.9,0,6.36,7.54,342347,21,11,"7,9",3,5,"717,543","1,159,233"
334,Fluor Corporation,Construction,2020 Q2,20%,70%,10%,3603.75,3655.65,-51.9,0,11.11,7.54,342535,20,13,"7,1",3,4,"7,177,465","1,161,972"
335,Fluor Corporation,Construction,2020 Q3,20%,70%,10%,3603.75,3655.65,-51.9,0,8.11,7.54,342723,15,18,"5,5",4,3,"7,179,499","1164,71"
336,Fluor Corporation,Construction,2020 Q4,20%,70%,10%,3603.75,3655.65,-51.9,0,14.69,7.54,342910,25,15,"8,2",4,4,"7,181,534","1,167,449"
337,Fluor Corporation,Construction,2021 Q1,20%,70%,10%,2860.02,2893.19,-33.16,0,21.24,7.54,343098,22,10,"2,6",3,5,"7,183,568","1,170,188"
338,Fluor Corporation,Construction,2021 Q2,30%,60%,10%,2860.02,2893.19,-33.16,0,16.28,7.54,343286,12,17,"13,1",4,3,"7,185,603","1,172,926"
339,Fluor Corporation,Construction,2021 Q3,30%,60%,10%,2860.02,2893.19,-33.16,0,14.69,7.54,343474,13,16,"2,5",3,4,"7,187,637","1,175,665"
340,Fluor Corporation,Construction,2021 Q4,30%,60%,10%,2860.02,2893.19,-33.16,0,22.79,7.54,343661,21,19,"6,3",5,5,"7,189,671","1,178,404"
341,Fluor Corporation,Construction,2022 Q1,40%,50%,10%,3161.12,3144.33,16.79,0,26.39,7.54,343849,20,12,"14,1",4,4,"7,191,706","1,181,142"
342,Fluor Corporation,Construction,2022 Q2,40%,50%,10%,3161.12,3144.33,16.79,0,22.39,7.54,344037,13,10,"11,6",3,5,"719,374","1,183,881"
343,Fluor Corporation,Construction,2022 Q3,40%,50%,10%,3161.12,3144.33,16.79,0,22.9,7.54,344225,12,14,"5,7",4,5,"7,195,775","1186,62"
344,Fluor Corporation,Construction,2022 Q4,40%,50%,10%,3161.12,3144.33,16.79,0,31.89,7.54,344413,19,13,"5,3",3,3,"7,197,809","1,189,358"
345,Fluor Corporation,Construction,2023 Q1,50%,40%,10%,3559.02,3527.05,31.97,0,28.44,7.54,344600,12,19,"2,1",3,5,"7,199,844","1,192,097"
346,Fluor Corporation,Construction,2023 Q2,50%,40%,10%,3559.02,3527.05,31.97,0,27.23,7.54,344788,24,17,11,4,4,"7,201,878","1,194,836"
347,Fluor Corporation,Construction,2023 Q3,50%,40%,10%,3559.02,3527.05,31.97,0,33.76,7.54,344976,12,10,"2,6",5,5,"7,203,912","1,197,574"
348,Fluor Corporation,Construction,2023 Q4,50%,40%,10%,3559.02,3527.05,31.97,0,36.04,7.54,345164,13,19,"8,9",3,5,"7,205,947","1,200,313"
349,Fluor Corporation,Construction,2024 Q1,50%,40%,10%,3752.45,3259.1,493.35,0,38.9,7.54,345352,25,10,"14,5",3,3,"7,207,981","1,203,052"
350,Fluor Corporation,Construction,2024 Q2,50%,40%,10%,3752.45,3259.1,493.35,0,40.07,7.54,345539,16,13,"3,4",3,5,"7,210,016","1205,79"
351,Fluor Corporation,Construction,2024 Q3,50%,40%,10%,3752.45,3259.1,493.35,0,43.89,7.54,345727,13,17,"13,6",5,5,"721,205","1,208,529"
352,Fluor Corporation,Construction,2024 Q4,50%,40%,10%,3752.45,3259.1,493.35,0,45.37,7.54,345915,18,14,"14,9",5,4,"7,214,085","1,211,268"
353,AECOM,Construction,2017 Q1,0%,100%,0%,4186.78,4108.72,78.06,0,32.74,13.66,346103,10,11,"2,8",4,3,"7,216,119","1,214,006"
354,AECOM,Construction,2017 Q2,0%,100%,0%,4186.78,4108.72,78.06,0,29.74,13.66,346291,17,15,"13,5",5,3,"7,218,153","1,216,745"
355,AECOM,Construction,2017 Q3,0%,100%,0%,4186.78,4108.72,78.06,0,33.87,13.66,346478,25,14,"8,7",4,3,"7,220,188","1,219,484"
356,AECOM,Construction,2017 Q4,0%,100%,0%,4186.78,4108.72,78.06,0,34.18,13.66,346666,16,11,"13,8",4,5,"7,222,222","1,222,222"
357,AECOM,Construction,2018 Q1,0%,100%,0%,4635.77,4604.38,31.39,0,32.78,13.66,346854,11,20,"9,4",5,3,"7,224,257","1,224,961"
358,AECOM,Construction,2018 Q2,0%,100%,0%,4635.77,4604.38,31.39,0,30.39,13.66,347042,17,20,"10,6",4,5,"7,226,291","1227,7"
359,AECOM,Construction,2018 Q3,0%,100%,0%,4635.77,4604.38,31.39,0,30.05,13.66,347230,10,20,"9,1",5,5,"7,228,326","1,230,438"
360,AECOM,Construction,2018 Q4,0%,100%,0%,4635.77,4604.38,31.39,0,24.38,13.66,347417,20,12,"13,2",4,4,"723,036","1,233,177"
361,AECOM,Construction,2019 Q1,0%,100%,0%,4639.87,4682.18,-42.32,0,27.3,13.66,347605,21,18,"11,5",5,4,"7,232,394","1,235,915"
362,AECOM,Construction,2019 Q2,0%,100%,0%,4639.87,4682.18,-42.32,0,34.82,13.66,347793,18,16,"8,8",5,4,"7,234,429","1,238,654"
363,AECOM,Construction,2019 Q3,0%,100%,0%,4639.87,4682.18,-42.32,0,34.56,13.66,347981,18,16,"13,3",4,4,"7,236,463","1,241,393"
364,AECOM,Construction,2019 Q4,0%,100%,0%,4639.87,4682.18,-42.32,0,39.68,13.66,348169,11,20,"5,2",3,4,"7,238,498","1,244,131"
365,AECOM,Construction,2020 Q1,10%,80%,10%,3045.19,3088.06,-42.87,0,27.46,13.66,348356,16,15,4,4,5,"7,240,532","1246,87"
366,AECOM,Construction,2020 Q2,20%,70%,10%,3045.19,3088.06,-42.87,0,34.57,13.66,348544,24,17,"4,1",5,5,"7,242,567","1,249,609"
367,AECOM,Construction,2020 Q3,20%,70%,10%,3045.19,3088.06,-42.87,0,38.49,13.66,348732,23,13,"6,3",3,3,"7,244,601","1,252,347"
368,AECOM,Construction,2020 Q4,20%,70%,10%,3045.19,3088.06,-42.87,0,45.8,13.66,348920,19,17,"5,1",4,5,"7,246,635","1,255,086"
369,AECOM,Construction,2021 Q1,20%,70%,10%,3068.4,3028.56,39.83,0,58.98,13.66,349107,12,13,"14,1",4,5,"724,867","1,257,825"
370,AECOM,Construction,2021 Q2,30%,60%,10%,3068.4,3028.56,39.83,0,58.25,13.66,349295,16,17,"3,4",4,4,"7,250,704","1,260,563"
371,AECOM,Construction,2021 Q3,30%,60%,10%,3068.4,3028.56,39.83,0,58.1,13.66,349483,21,18,"11,1",3,5,"7,252,739","1,263,302"
372,AECOM,Construction,2021 Q4,30%,60%,10%,3068.4,3028.56,39.83,0,71.16,13.66,349671,25,12,"4,5",5,4,"7,254,773","1,266,041"
373,AECOM,Construction,2022 Q1,40%,50%,10%,3024.08,2952.64,71.44,0,70.67,13.66,349859,19,12,"13,5",4,3,"7,256,808","1,268,779"
374,AECOM,Construction,2022 Q2,40%,50%,10%,3024.08,2952.64,71.44,0,60,13.66,350046,25,20,"14,5",4,3,"7,258,842","1,271,518"
375,AECOM,Construction,2022 Q3,40%,50%,10%,3024.08,2952.64,71.44,0,62.9,13.66,350234,18,11,"8,1",4,5,"7,260,876","1,274,257"
376,AECOM,Construction,2022 Q4,40%,50%,10%,3024.08,2952.64,71.44,0,78.14,13.66,350422,13,19,"13,4",4,3,"7,262,911","1,276,995"
377,AECOM,Construction,2023 Q1,50%,40%,10%,3307.05,3294.32,12.73,0,77.57,13.66,350610,21,12,"2,1",4,5,"7,264,945","1,279,734"
378,AECOM,Construction,2023 Q2,50%,40%,10%,3307.05,3294.32,12.73,0,77.91,13.66,350798,10,12,"12,7",5,3,"726,698","1,282,473"
379,AECOM,Construction,2023 Q3,50%,40%,10%,3307.05,3294.32,12.73,0,76.4,13.66,350985,11,14,5,5,4,"7,269,014","1,285,211"
380,AECOM,Construction,2023 Q4,50%,40%,10%,3307.05,3294.32,12.73,0,85.04,13.66,351173,10,14,"13,8",4,4,"7,271,049","1287,95"
381,AECOM,Construction,2024 Q1,50%,40%,10%,3704.26,3611.74,92.52,0,90.23,13.66,351361,25,11,2,3,4,"7,273,083","1,290,689"
382,AECOM,Construction,2024 Q2,50%,40%,10%,3704.26,3611.74,92.52,0,81.09,13.66,351549,23,19,"9,2",5,4,"7,275,117","1,293,427"
383,AECOM,Construction,2024 Q3,50%,40%,10%,3704.26,3611.74,92.52,0,95.01,13.66,351737,21,15,"11,8",3,5,"7,277,152","1,296,166"
384,AECOM,Construction,2024 Q4,50%,40%,10%,3704.26,3611.74,92.52,0,98.27,13.66,351924,14,14,"5,4",5,3,"7,279,186","1,298,905"
385,JPMorgan Chase & Co.,Finance,2017 Q1,0%,100%,0%,26353.17,20731.74,5621.43,0,80.81,685.6,352112,14,15,"4,5",4,5,"7,281,221","1,301,643"
386,JPMorgan Chase & Co.,Finance,2017 Q2,0%,100%,0%,26353.17,20731.74,5621.43,0,84.09,685.6,352300,25,10,"3,1",5,4,"7,283,255","1,304,382"
387,JPMorgan Chase & Co.,Finance,2017 Q3,0%,100%,0%,26353.17,20731.74,5621.43,0,87.87,685.6,352488,20,14,"6,2",4,5,"728,529","1,307,121"
388,JPMorgan Chase & Co.,Finance,2017 Q4,0%,100%,0%,26353.17,20731.74,5621.43,0,98.38,685.6,352676,16,18,"9,3",5,3,"7,287,324","1,309,859"
389,JPMorgan Chase & Co.,Finance,2018 Q1,0%,100%,0%,29859.52,22390.5,7469.02,0,101.17,685.6,352863,18,19,"3,5",4,5,"7,289,358","1,312,598"
390,JPMorgan Chase & Co.,Finance,2018 Q2,0%,100%,0%,29859.52,22390.5,7469.02,0,95.86,685.6,353051,18,11,"6,9",4,3,"7,291,393","1,315,336"
391,JPMorgan Chase & Co.,Finance,2018 Q3,0%,100%,0%,29859.52,22390.5,7469.02,0,103.81,685.6,353239,12,10,"2,1",4,5,"7,293,427","1,318,075"
392,JPMorgan Chase & Co.,Finance,2018 Q4,0%,100%,0%,29859.52,22390.5,7469.02,0,89.81,685.6,353427,12,19,"12,6",4,3,"7,295,462","1,320,814"
393,JPMorgan Chase & Co.,Finance,2019 Q1,0%,100%,0%,32778.45,24399.32,8379.13,0,93.13,685.6,353615,25,20,"3,7",3,3,"7,297,496","1,323,552"
394,JPMorgan Chase & Co.,Finance,2019 Q2,0%,100%,0%,32778.45,24399.32,8379.13,0,102.86,685.6,353802,25,18,"5,7",4,4,"7,299,531","1,326,291"
395,JPMorgan Chase & Co.,Finance,2019 Q3,0%,100%,0%,32778.45,24399.32,8379.13,0,108.27,685.6,353990,12,19,"2,2",3,3,"7,301,565","1329,03"
396,JPMorgan Chase & Co.,Finance,2019 Q4,0%,100%,0%,32778.45,24399.32,8379.13,0,128.25,685.6,354178,13,18,"7,6",3,4,"7,303,599","1,331,768"
397,JPMorgan Chase & Co.,Finance,2020 Q1,10%,80%,10%,29863.89,23163.76,6700.13,0,82.83,685.6,354366,17,18,"12,9",4,4,"7,305,634","1,334,507"
398,JPMorgan Chase & Co.,Finance,2020 Q2,20%,70%,10%,29863.89,23163.76,6700.13,0,86.54,685.6,354553,15,15,"7,1",3,4,"7,307,668","1,337,246"
399,JPMorgan Chase & Co.,Finance,2020 Q3,20%,70%,10%,29863.89,23163.76,6700.13,0,88.57,685.6,354741,17,17,"4,3",5,5,"7,309,703","1,339,984"
400,JPMorgan Chase & Co.,Finance,2020 Q4,20%,70%,10%,29863.89,23163.76,6700.13,0,116.9,685.6,354929,10,20,"11,8",4,5,"7,311,737","1,342,723"
401,JPMorgan Chase & Co.,Finance,2021 Q1,20%,70%,10%,29264.74,18147.92,11116.82,0,140.05,685.6,355117,17,10,"12,3",3,5,"7,313,772","1,345,462"
402,JPMorgan Chase & Co.,Finance,2021 Q2,30%,60%,10%,29264.74,18147.92,11116.82,0,143.1,685.6,355305,13,19,"4,3",4,5,"7,315,806","1348,2"
403,JPMorgan Chase & Co.,Finance,2021 Q3,30%,60%,10%,29264.74,18147.92,11116.82,0,150.59,685.6,355492,20,13,12,4,3,"731,784","1,350,939"
404,JPMorgan Chase & Co.,Finance,2021 Q4,30%,60%,10%,29264.74,18147.92,11116.82,0,145.68,685.6,355680,10,10,"14,3",4,3,"7,319,875","1,353,678"
405,JPMorgan Chase & Co.,Finance,2022 Q1,40%,50%,10%,35379.52,26714.04,8665.48,0,125.41,685.6,355868,17,17,"4,2",3,5,"7,321,909","1,356,416"
406,JPMorgan Chase & Co.,Finance,2022 Q2,40%,50%,10%,35379.52,26714.04,8665.48,0,103.6,685.6,356056,13,10,12,5,3,"7,323,944","1,359,155"
407,JPMorgan Chase & Co.,Finance,2022 Q3,40%,50%,10%,35379.52,26714.04,8665.48,0,96.14,685.6,356244,15,12,"11,2",5,3,"7,325,978","1,361,894"
408,JPMorgan Chase & Co.,Finance,2022 Q4,40%,50%,10%,35379.52,26714.04,8665.48,0,123.37,685.6,356431,17,13,"8,2",3,4,"7,328,013","1,364,632"
409,JPMorgan Chase & Co.,Finance,2023 Q1,50%,40%,10%,54342.79,42945.83,11396.96,0,119.89,685.6,356619,13,17,"2,8",4,4,"7,330,047","1,367,371"
410,JPMorgan Chase & Co.,Finance,2023 Q2,50%,40%,10%,54342.79,42945.83,11396.96,0,133.8,685.6,356807,23,15,3,3,4,"7,332,081","1370,11"
411,JPMorgan Chase & Co.,Finance,2023 Q3,50%,40%,10%,54342.79,42945.83,11396.96,0,133.42,685.6,356995,12,19,"13,1",3,4,"7,334,116","1,372,848"
412,JPMorgan Chase & Co.,Finance,2023 Q4,50%,40%,10%,54342.79,42945.83,11396.96,0,156.49,685.6,357183,25,16,"14,9",3,3,"733,615","1,375,587"
413,JPMorgan Chase & Co.,Finance,2024 Q1,50%,40%,10%,62281.47,48833.14,13448.33,0,184.28,685.6,357370,23,17,"10,8",4,5,"7,338,185","1,378,326"
414,JPMorgan Chase & Co.,Finance,2024 Q2,50%,40%,10%,62281.47,48833.14,13448.33,0,186.08,685.6,357558,18,11,"7,8",3,3,"7,340,219","1,381,064"
415,JPMorgan Chase & Co.,Finance,2024 Q3,50%,40%,10%,62281.47,48833.14,13448.33,0,193.99,685.6,357746,12,19,"10,4",4,3,"7,342,254","1,383,803"
416,JPMorgan Chase & Co.,Finance,2024 Q4,50%,40%,10%,62281.47,48833.14,13448.33,0,220.53,685.6,357934,18,20,"9,7",3,3,"7,344,288","1,386,541"
417,Bank of America Corp,Finance,2017 Q1,0%,100%,0%,19257.9,15064.54,4193.36,0,21.7,309.95,358122,22,17,7,5,4,"7,346,322","1389,28"
418,Bank of America Corp,Finance,2017 Q2,0%,100%,0%,19257.9,15064.54,4193.36,0,22.32,309.95,358309,11,12,"2,9",3,4,"7,348,357","1,392,019"
419,Bank of America Corp,Finance,2017 Q3,0%,100%,0%,19257.9,15064.54,4193.36,0,23.31,309.95,358497,25,16,"12,7",3,4,"7,350,391","1,394,757"
420,Bank of America Corp,Finance,2017 Q4,0%,100%,0%,19257.9,15064.54,4193.36,0,27.16,309.95,358685,23,12,"6,8",5,5,"7,352,426","1,397,496"
421,Bank of America Corp,Finance,2018 Q1,0%,100%,0%,20179.74,13705.93,6473.81,0,27.59,309.95,358873,11,16,"12,6",4,3,"735,446","1,400,235"
422,Bank of America Corp,Finance,2018 Q2,0%,100%,0%,20179.74,13705.93,6473.81,0,25.93,309.95,359061,11,20,"5,3",4,5,"7,356,495","1,402,973"
423,Bank of America Corp,Finance,2018 Q3,0%,100%,0%,20179.74,13705.93,6473.81,0,27.1,309.95,359248,15,11,2,3,4,"7,358,529","1,405,712"
424,Bank of America Corp,Finance,2018 Q4,0%,100%,0%,20179.74,13705.93,6473.81,0,22.67,309.95,359436,12,19,"4,1",5,5,"7,360,563","1,408,451"
425,Bank of America Corp,Finance,2019 Q1,0%,100%,0%,19683.86,13374.96,6308.9,0,25.38,309.95,359624,25,15,"8,1",4,3,"7,362,598","1,411,189"
426,Bank of America Corp,Finance,2019 Q2,0%,100%,0%,19683.86,13374.96,6308.9,0,26.68,309.95,359812,22,12,"14,3",3,3,"7,364,632","1,413,928"
427,Bank of America Corp,Finance,2019 Q3,0%,100%,0%,19683.86,13374.96,6308.9,0,26.84,309.95,360000,18,12,"3,3",5,4,"7,366,667","1,416,667"
428,Bank of America Corp,Finance,2019 Q4,0%,100%,0%,19683.86,13374.96,6308.9,0,32.4,309.95,360187,13,18,"13,1",4,4,"7,368,701","1,419,405"
429,Bank of America Corp,Finance,2020 Q1,10%,80%,10%,17067.84,12952.22,4115.62,0,19.53,309.95,360375,10,16,"8,9",4,5,"7,370,736","1,422,144"
430,Bank of America Corp,Finance,2020 Q2,20%,70%,10%,17067.84,12952.22,4115.62,0,21.85,309.95,360563,13,14,"12,7",5,4,"737,277","1,424,883"
431,Bank of America Corp,Finance,2020 Q3,20%,70%,10%,17067.84,12952.22,4115.62,0,22.16,309.95,360751,10,19,"5,9",5,4,"7,374,804","1,427,621"
432,Bank of America Corp,Finance,2020 Q4,20%,70%,10%,17067.84,12952.22,4115.62,0,27.89,309.95,360938,23,16,"12,9",5,3,"7,376,839","1430,36"
433,Bank of America Corp,Finance,2021 Q1,20%,70%,10%,20495.99,13141.05,7354.94,0,35.59,309.95,361126,14,18,12,5,4,"7,378,873","1,433,099"
434,Bank of America Corp,Finance,2021 Q2,30%,60%,10%,20495.99,13141.05,7354.94,0,37.93,309.95,361314,25,10,5,3,4,"7,380,908","1,435,837"
435,Bank of America Corp,Finance,2021 Q3,30%,60%,10%,20495.99,13141.05,7354.94,0,39.05,309.95,361502,13,16,"3,7",5,3,"7,382,942","1,438,576"
436,Bank of America Corp,Finance,2021 Q4,30%,60%,10%,20495.99,13141.05,7354.94,0,40.93,309.95,361690,17,15,"13,3",4,3,"7,384,977","1,441,315"
437,Bank of America Corp,Finance,2022 Q1,40%,50%,10%,21838.5,15507.06,6331.44,0,37.92,309.95,361877,25,19,"14,5",4,5,"7,387,011","1,444,053"
438,Bank of America Corp,Finance,2022 Q2,40%,50%,10%,21838.5,15507.06,6331.44,0,28.64,309.95,362065,17,18,"2,4",3,4,"7,389,045","1,446,792"
439,Bank of America Corp,Finance,2022 Q3,40%,50%,10%,21838.5,15507.06,6331.44,0,27.78,309.95,362253,16,10,"11,5",4,3,"739,108","1,449,531"
440,Bank of America Corp,Finance,2022 Q4,40%,50%,10%,21838.5,15507.06,6331.44,0,30.47,309.95,362441,12,13,"13,8",4,5,"7,393,114","1,452,269"
441,Bank of America Corp,Finance,2023 Q1,50%,40%,10%,22673.63,16575.18,6098.45,0,26.31,309.95,362629,10,18,"13,1",5,5,"7,395,149","1,455,008"
442,Bank of America Corp,Finance,2023 Q2,50%,40%,10%,22673.63,16575.18,6098.45,0,26.39,309.95,362816,25,13,"14,5",4,4,"7,397,183","1,457,746"
443,Bank of America Corp,Finance,2023 Q3,50%,40%,10%,22673.63,16575.18,6098.45,0,25.19,309.95,363004,10,19,"11,9",3,4,"7,399,218","1,460,485"
444,Bank of America Corp,Finance,2023 Q4,50%,40%,10%,22673.63,16575.18,6098.45,0,30.98,309.95,363192,25,12,"7,7",5,5,"7,401,252","1,463,224"
445,Bank of America Corp,Finance,2024 Q1,50%,40%,10%,44259.82,38019.46,6240.36,0,34.89,309.95,363380,21,18,"6,1",5,3,"7,403,286","1,465,962"
446,Bank of America Corp,Finance,2024 Q2,50%,40%,10%,44259.82,38019.46,6240.36,0,36.59,309.95,363568,20,11,"6,2",3,5,"7,405,321","1,468,701"
447,Bank of America Corp,Finance,2024 Q3,50%,40%,10%,44259.82,38019.46,6240.36,0,36.51,309.95,363755,12,13,"11,4",5,4,"7,407,355","1471,44"
448,Bank of America Corp,Finance,2024 Q4,50%,40%,10%,44259.82,38019.46,6240.36,0,40.43,309.95,363943,15,15,"11,7",5,3,"740,939","1,474,178"
449,Goldman Sachs Group,Finance,2017 Q1,0%,100%,0%,7501.68,6515.9,985.78,0,211.34,176.2,364131,16,11,"4,6",3,3,"7,411,424","1,476,917"
450,Goldman Sachs Group,Finance,2017 Q2,0%,100%,0%,7501.68,6515.9,985.78,0,204.15,176.2,364319,15,17,"13,3",5,5,"7,413,459","1,479,656"
451,Goldman Sachs Group,Finance,2017 Q3,0%,100%,0%,7501.68,6515.9,985.78,0,218.21,176.2,364507,23,17,"11,3",3,4,"7,415,493","1,482,394"
452,Goldman Sachs Group,Finance,2017 Q4,0%,100%,0%,7501.68,6515.9,985.78,0,234.38,176.2,364694,23,10,"9,3",3,5,"7,417,527","1,485,133"
453,Goldman Sachs Group,Finance,2018 Q1,0%,100%,0%,8384.88,5979.31,2405.57,0,231.71,176.2,364882,15,12,"8,1",4,5,"7,419,562","1,487,872"
454,Goldman Sachs Group,Finance,2018 Q2,0%,100%,0%,8384.88,5979.31,2405.57,0,202.92,176.2,365070,15,19,"9,1",4,5,"7,421,596","1490,61"
455,Goldman Sachs Group,Finance,2018 Q3,0%,100%,0%,8384.88,5979.31,2405.57,0,206.3,176.2,365258,22,18,"4,1",5,3,"7,423,631","1,493,349"
456,Goldman Sachs Group,Finance,2018 Q4,0%,100%,0%,8384.88,5979.31,2405.57,0,153.69,176.2,365446,12,14,"4,6",5,3,"7,425,665","1,496,088"
457,Goldman Sachs Group,Finance,2019 Q1,0%,100%,0%,8400.98,6453.8,1947.18,0,176.63,176.2,365633,15,15,"3,2",3,4,"74,277","1,498,826"
458,Goldman Sachs Group,Finance,2019 Q2,0%,100%,0%,8400.98,6453.8,1947.18,0,188.23,176.2,365821,17,13,4,5,4,"7,429,734","1,501,565"
459,Goldman Sachs Group,Finance,2019 Q3,0%,100%,0%,8400.98,6453.8,1947.18,0,190.65,176.2,366009,20,19,"7,9",3,5,"7,431,768","1,504,304"
460,Goldman Sachs Group,Finance,2019 Q4,0%,100%,0%,8400.98,6453.8,1947.18,0,211.54,176.2,366197,20,11,"8,9",3,5,"7,433,803","1,507,042"
461,Goldman Sachs Group,Finance,2020 Q1,10%,80%,10%,10248.57,8073,2175.57,0,142.22,176.2,366384,11,20,"2,2",5,5,"7,435,837","1,509,781"
462,Goldman Sachs Group,Finance,2020 Q2,20%,70%,10%,10248.57,8073,2175.57,0,181.81,176.2,366572,14,17,"12,4",3,4,"7,437,872","1512,52"
463,Goldman Sachs Group,Finance,2020 Q3,20%,70%,10%,10248.57,8073,2175.57,0,184.89,176.2,366760,23,20,"5,8",4,3,"7,439,906","1,515,258"
464,Goldman Sachs Group,Finance,2020 Q4,20%,70%,10%,10248.57,8073,2175.57,0,242.61,176.2,366948,10,15,"13,9",5,3,"7,441,941","1,517,997"
465,Goldman Sachs Group,Finance,2021 Q1,20%,70%,10%,14947.47,9971.42,4976.05,0,300.84,176.2,367136,21,14,"14,6",4,5,"7,443,975","1,520,736"
466,Goldman Sachs Group,Finance,2021 Q2,30%,60%,10%,14947.47,9971.42,4976.05,0,349.17,176.2,367323,24,18,"4,4",5,5,"7,446,009","1,523,474"
467,Goldman Sachs Group,Finance,2021 Q3,30%,60%,10%,14947.47,9971.42,4976.05,0,347.79,176.2,367511,25,10,8,3,5,"7,448,044","1,526,213"
468,Goldman Sachs Group,Finance,2021 Q4,30%,60%,10%,14947.47,9971.42,4976.05,0,351.95,176.2,367699,10,14,2,5,5,"7,450,078","1,528,951"
469,Goldman Sachs Group,Finance,2022 Q1,40%,50%,10%,15803.53,13213.5,2590.03,0,303.69,176.2,367887,14,15,"9,8",4,4,"7,452,113","1531,69"
470,Goldman Sachs Group,Finance,2022 Q2,40%,50%,10%,15803.53,13213.5,2590.03,0,273.26,176.2,368075,21,14,"9,9",3,3,"7,454,147","1,534,429"
471,Goldman Sachs Group,Finance,2022 Q3,40%,50%,10%,15803.53,13213.5,2590.03,0,269.61,176.2,368262,22,15,"5,2",5,5,"7,456,182","1,537,167"
472,Goldman Sachs Group,Finance,2022 Q4,40%,50%,10%,15803.53,13213.5,2590.03,0,315.91,176.2,368450,25,15,"9,3",5,4,"7,458,216","1,539,906"
473,Goldman Sachs Group,Finance,2023 Q1,50%,40%,10%,24936.14,22977.46,1958.68,0,300.94,176.2,368638,12,16,"4,9",5,5,"746,025","1,542,645"
474,Goldman Sachs Group,Finance,2023 Q2,50%,40%,10%,24936.14,22977.46,1958.68,0,296.74,176.2,368826,13,13,"4,1",4,5,"7,462,285","1,545,383"
475,Goldman Sachs Group,Finance,2023 Q3,50%,40%,10%,24936.14,22977.46,1958.68,0,297.68,176.2,369014,12,20,"10,5",4,3,"7,464,319","1,548,122"
476,Goldman Sachs Group,Finance,2023 Q4,50%,40%,10%,24936.14,22977.46,1958.68,0,354.91,176.2,369201,25,17,"6,2",5,5,"7,466,354","1,550,861"
477,Goldman Sachs Group,Finance,2024 Q1,50%,40%,10%,29176.19,25892.71,3283.48,0,384.27,176.2,369389,10,16,"9,7",3,3,"7,468,388","1,553,599"
478,Goldman Sachs Group,Finance,2024 Q2,50%,40%,10%,29176.19,25892.71,3283.48,0,416.13,176.2,369577,25,18,"7,6",3,3,"7,470,423","1,556,338"
479,Goldman Sachs Group,Finance,2024 Q3,50%,40%,10%,29176.19,25892.71,3283.48,0,455.5,176.2,369765,10,16,"14,8",4,3,"7,472,457","1,559,077"
480,Goldman Sachs Group,Finance,2024 Q4,50%,40%,10%,29176.19,25892.71,3283.48,0,526.81,176.2,369953,21,12,"3,9",3,4,"7,474,491","1,561,815"
481,Wells Fargo & Company,Finance,2017 Q1,0%,100%,0%,20329.47,15227.38,5102.09,0,51.21,224.33,370140,21,12,8,4,4,"7,476,526","1,564,554"
482,Wells Fargo & Company,Finance,2017 Q2,0%,100%,0%,20329.47,15227.38,5102.09,0,50.98,224.33,370328,23,17,"10,8",5,3,"747,856","1,567,293"
483,Wells Fargo & Company,Finance,2017 Q3,0%,100%,0%,20329.47,15227.38,5102.09,0,50.74,224.33,370516,22,14,"7,1",4,5,"7,480,595","1,570,031"
484,Wells Fargo & Company,Finance,2017 Q4,0%,100%,0%,20329.47,15227.38,5102.09,0,55.82,224.33,370704,23,13,"14,7",4,3,"7,482,629","1572,77"
485,Wells Fargo & Company,Finance,2018 Q1,0%,100%,0%,19873.84,14723.45,5150.39,0,48.22,224.33,370892,14,17,"11,4",5,5,"7,484,664","1,575,509"
486,Wells Fargo & Company,Finance,2018 Q2,0%,100%,0%,19873.84,14723.45,5150.39,0,51,224.33,371079,15,15,"10,5",3,3,"7,486,698","1,578,247"
487,Wells Fargo & Company,Finance,2018 Q3,0%,100%,0%,19873.84,14723.45,5150.39,0,48.36,224.33,371267,12,11,"11,8",4,5,"7,488,732","1,580,986"
488,Wells Fargo & Company,Finance,2018 Q4,0%,100%,0%,19873.84,14723.45,5150.39,0,42.39,224.33,371455,21,13,"14,4",4,4,"7,490,767","1,583,725"
489,Wells Fargo & Company,Finance,2019 Q1,0%,100%,0%,19564.49,15030.04,4534.45,0,44.45,224.33,371643,18,20,"13,8",5,5,"7,492,801","1,586,463"
490,Wells Fargo & Company,Finance,2019 Q2,0%,100%,0%,19564.49,15030.04,4534.45,0,43.53,224.33,371830,14,13,"11,4",3,3,"7,494,836","1,589,202"
491,Wells Fargo & Company,Finance,2019 Q3,0%,100%,0%,19564.49,15030.04,4534.45,0,46.4,224.33,372018,17,15,"11,7",4,4,"749,687","1,591,941"
492,Wells Fargo & Company,Finance,2019 Q4,0%,100%,0%,19564.49,15030.04,4534.45,0,49.5,224.33,372206,22,15,"3,9",5,5,"7,498,905","1,594,679"
493,Wells Fargo & Company,Finance,2020 Q1,10%,80%,10%,16638.2,15861.49,776.71,0,26.4,224.33,372394,10,10,"3,3",4,5,"7,500,939","1,597,418"
494,Wells Fargo & Company,Finance,2020 Q2,20%,70%,10%,16638.2,15861.49,776.71,0,23.55,224.33,372582,23,17,"9,4",5,5,"7,502,973","1,600,156"
495,Wells Fargo & Company,Finance,2020 Q3,20%,70%,10%,16638.2,15861.49,776.71,0,21.63,224.33,372769,14,15,"2,2",3,5,"7,505,008","1,602,895"
496,Wells Fargo & Company,Finance,2020 Q4,20%,70%,10%,16638.2,15861.49,776.71,0,27.77,224.33,372957,24,12,"8,3",3,5,"7,507,042","1,605,634"
497,Wells Fargo & Company,Finance,2021 Q1,20%,70%,10%,19108.63,14023.56,5085.07,0,35.94,224.33,373145,12,18,"4,7",3,4,"7,509,077","1,608,372"
498,Wells Fargo & Company,Finance,2021 Q2,30%,60%,10%,19108.63,14023.56,5085.07,0,41.67,224.33,373333,21,11,"6,5",3,4,"7,511,111","1,611,111"
499,Wells Fargo & Company,Finance,2021 Q3,30%,60%,10%,19108.63,14023.56,5085.07,0,42.7,224.33,373521,10,20,"12,1",4,4,"7,513,146","1613,85"
500,Wells Fargo & Company,Finance,2021 Q4,30%,60%,10%,19108.63,14023.56,5085.07,0,44.14,224.33,373708,13,17,"14,2",4,4,"751,518","1,616,588"
501,Wells Fargo & Company,Finance,2022 Q1,40%,50%,10%,19191.66,16045.95,3145.71,0,44.58,224.33,373896,24,19,"2,9",3,3,"7,517,214","1,619,327"
502,Wells Fargo & Company,Finance,2022 Q2,40%,50%,10%,19191.66,16045.95,3145.71,0,36.04,224.33,374084,22,12,"8,9",3,4,"7,519,249","1,622,066"
503,Wells Fargo & Company,Finance,2022 Q3,40%,50%,10%,19191.66,16045.95,3145.71,0,37,224.33,374272,14,14,"13,5",3,5,"7,521,283","1,624,804"
504,Wells Fargo & Company,Finance,2022 Q4,40%,50%,10%,19191.66,16045.95,3145.71,0,37.99,224.33,374460,25,15,"3,1",4,5,"7,523,318","1,627,543"
505,Wells Fargo & Company,Finance,2023 Q1,50%,40%,10%,17755.54,13352.88,4402.66,0,34.39,224.33,374647,16,19,"12,7",3,4,"7,525,352","1,630,282"
506,Wells Fargo & Company,Finance,2023 Q2,50%,40%,10%,17755.54,13352.88,4402.66,0,39.27,224.33,374835,10,15,"6,7",3,5,"7,527,387","1633,02"
507,Wells Fargo & Company,Finance,2023 Q3,50%,40%,10%,17755.54,13352.88,4402.66,0,37.59,224.33,375023,25,13,"6,2",3,4,"7,529,421","1,635,759"
508,Wells Fargo & Company,Finance,2023 Q4,50%,40%,10%,17755.54,13352.88,4402.66,0,45.28,224.33,375211,12,12,"14,7",5,5,"7,531,455","1,638,498"
509,Wells Fargo & Company,Finance,2024 Q1,50%,40%,10%,28841.31,24305.25,4536.06,0,53.32,224.33,375399,25,13,"4,6",3,3,"753,349","1,641,236"
510,Wells Fargo & Company,Finance,2024 Q2,50%,40%,10%,28841.31,24305.25,4536.06,0,54.64,224.33,375586,11,10,11,5,3,"7,535,524","1,643,975"
511,Wells Fargo & Company,Finance,2024 Q3,50%,40%,10%,28841.31,24305.25,4536.06,0,51.97,224.33,375774,18,13,"12,7",5,4,"7,537,559","1,646,714"
512,Wells Fargo & Company,Finance,2024 Q4,50%,40%,10%,28841.31,24305.25,4536.06,0,64.62,224.33,375962,19,10,"2,5",3,4,"7,539,593","1,649,452"
513,Tesla Inc.,Automobile,2017 Q1,2%,95%,3%,2704.57,3155.83,-451.26,316.94,256.04,967.3,376150,24,10,"10,7",5,4,"7,541,628","1,652,191"
514,Tesla Inc.,Automobile,2017 Q2,2%,95%,3%,2704.57,3155.83,-451.26,316.94,332.68,967.3,376338,15,19,"14,4",3,5,"7,543,662","1654,93"
515,Tesla Inc.,Automobile,2017 Q3,2%,95%,3%,2704.57,3155.83,-451.26,316.94,313.81,967.3,376525,19,15,"3,6",4,4,"7,545,696","1,657,668"
516,Tesla Inc.,Automobile,2017 Q4,2%,95%,3%,2704.57,3155.83,-451.26,316.94,286.44,967.3,376713,12,14,"13,7",4,3,"7,547,731","1,660,407"
517,Tesla Inc.,Automobile,2018 Q1,3%,94%,3%,4936.09,5160.57,-224.48,335.89,244.84,967.3,376901,17,20,"9,7",4,5,"7,549,765","1,663,146"
518,Tesla Inc.,Automobile,2018 Q2,3%,94%,3%,4936.09,5160.57,-224.48,335.89,315.51,967.3,377089,23,13,10,4,4,"75,518","1,665,884"
519,Tesla Inc.,Automobile,2018 Q3,3%,94%,3%,4936.09,5160.57,-224.48,335.89,243.59,967.3,377276,17,20,10,5,5,"7,553,834","1,668,623"
520,Tesla Inc.,Automobile,2018 Q4,3%,94%,3%,4936.09,5160.57,-224.48,335.89,306.18,967.3,377464,11,12,"5,9",3,5,"7,555,869","1,671,362"
521,Tesla Inc.,Automobile,2019 Q1,5%,92%,3%,5652.94,5851.2,-198.26,308.89,257.47,967.3,377652,25,10,"14,2",3,4,"7,557,903","1674,1"
522,Tesla Inc.,Automobile,2019 Q2,5%,92%,3%,5652.94,5851.2,-198.26,308.89,205.58,967.3,377840,24,15,"14,3",3,5,"7,559,937","1,676,839"
523,Tesla Inc.,Automobile,2019 Q3,5%,92%,3%,5652.94,5851.2,-198.26,308.89,221.6,967.3,378028,15,11,"10,1",4,3,"7,561,972","1,679,577"
524,Tesla Inc.,Automobile,2019 Q4,5%,92%,3%,5652.94,5851.2,-198.26,308.89,384.86,967.3,378215,16,17,"12,2",4,3,"7,564,006","1,682,316"
525,Tesla Inc.,Automobile,2020 Q1,10%,80%,10%,7253.28,7087.45,165.83,342.93,482.08,967.3,378403,11,19,10,3,5,"7,566,041","1,685,055"
526,Tesla Inc.,Automobile,2020 Q2,5%,85%,10%,7253.28,7087.45,165.83,342.93,993.43,967.3,378591,24,14,"8,3",4,4,"7,568,075","1,687,793"
527,Tesla Inc.,Automobile,2020 Q3,5%,85%,10%,7253.28,7087.45,165.83,342.93,394.69,967.3,378779,20,16,"10,6",3,5,"757,011","1,690,532"
528,Tesla Inc.,Automobile,2020 Q4,5%,85%,10%,7253.28,7087.45,165.83,342.93,649.22,967.3,378967,19,19,"9,2",3,3,"7,572,144","1,693,271"
529,Tesla Inc.,Automobile,2021 Q1,5%,85%,10%,12379.29,11081.17,1298.12,596.39,614.5,967.3,379154,11,11,"9,8",3,5,"7,574,178","1,696,009"
530,Tesla Inc.,Automobile,2021 Q2,5%,85%,10%,12379.29,11081.17,1298.12,596.39,625.32,967.3,379342,19,17,"12,2",3,5,"7,576,213","1,698,748"
531,Tesla Inc.,Automobile,2021 Q3,5%,85%,10%,12379.29,11081.17,1298.12,596.39,713.44,967.3,379530,10,11,"8,3",3,3,"7,578,247","1,701,487"
532,Tesla Inc.,Automobile,2021 Q4,5%,85%,10%,12379.29,11081.17,1298.12,596.39,972.24,967.3,379718,17,13,"2,5",3,5,"7,580,282","1,704,225"
533,Tesla Inc.,Automobile,2022 Q1,2%,98%,0%,18736.26,15841.25,2895.01,707.25,991.39,967.3,379906,10,10,"4,1",3,5,"7,582,316","1,706,964"
534,Tesla Inc.,Automobile,2022 Q2,0%,100%,0%,18736.26,15841.25,2895.01,707.25,619.55,967.3,380093,18,14,"7,7",4,4,"7,584,351","1,709,703"
535,Tesla Inc.,Automobile,2022 Q3,0%,100%,0%,18736.26,15841.25,2895.01,707.25,244.03,967.3,380281,20,18,"11,4",3,4,"7,586,385","1,712,441"
536,Tesla Inc.,Automobile,2022 Q4,0%,100%,0%,18736.26,15841.25,2895.01,707.25,113.33,967.3,380469,15,10,"9,7",3,3,"7,588,419","1715,18"
537,Tesla Inc.,Automobile,2023 Q1,0%,100%,0%,22257.79,18813.77,3444.02,912.87,190.86,967.3,380657,25,18,"10,5",4,3,"7,590,454","1,717,919"
538,Tesla Inc.,Automobile,2023 Q2,0%,100%,0%,22257.79,18813.77,3444.02,912.87,240.83,967.3,380845,16,20,"8,2",4,3,"7,592,488","1,720,657"
539,Tesla Inc.,Automobile,2023 Q3,0%,100%,0%,22257.79,18813.77,3444.02,912.87,230.2,967.3,381032,22,17,10,4,4,"7,594,523","1,723,396"
540,Tesla Inc.,Automobile,2023 Q4,0%,100%,0%,22257.79,18813.77,3444.02,912.87,228.6,967.3,381220,19,15,"6,3",3,3,"7,596,557","1,726,135"
541,Tesla Inc.,Automobile,2024 Q1,0%,100%,0%,22468.7,20828.8,1639.9,1044.2,161.73,967.3,381408,16,16,"8,1",5,3,"7,598,592","1,728,873"
542,Tesla Inc.,Automobile,2024 Q2,0%,100%,0%,22468.7,20828.8,1639.9,1044.2,182.05,967.3,381596,19,12,"11,7",5,3,"7,600,626","1,731,612"
543,Tesla Inc.,Automobile,2024 Q3,0%,100%,0%,22468.7,20828.8,1639.9,1044.2,240.7,967.3,381784,12,10,"13,3",4,4,"760,266","1,734,351"
544,Tesla Inc.,Automobile,2024 Q4,0%,100%,0%,22468.7,20828.8,1639.9,1044.2,371.53,967.3,381971,11,14,"7,6",5,5,"7,604,695","1,737,089"
545,Ford Motor Company,Automobile,2017 Q1,0%,100%,0%,36058.48,34310.02,1748.46,1840,10.71,39,382159,18,11,"2,6",4,3,"7,606,729","1,739,828"
546,Ford Motor Company,Automobile,2017 Q2,0%,100%,0%,36058.48,34310.02,1748.46,1840,10.29,39,382347,17,14,"4,1",3,5,"7,608,764","1,742,567"
547,Ford Motor Company,Automobile,2017 Q3,0%,100%,0%,36058.48,34310.02,1748.46,1840,11.01,39,382535,22,17,"2,3",5,3,"7,610,798","1,745,305"
548,Ford Motor Company,Automobile,2017 Q4,0%,100%,0%,36058.48,34310.02,1748.46,1840,11.49,39,382723,21,20,"10,5",3,5,"7,612,833","1,748,044"
549,Ford Motor Company,Automobile,2018 Q1,0%,100%,0%,36877.74,36032.03,845.71,1886,10.19,39,382910,19,18,"6,3",5,4,"7,614,867","1,750,782"
550,Ford Motor Company,Automobile,2018 Q2,0%,100%,0%,36877.74,36032.03,845.71,1886,10.18,39,383098,16,11,"9,1",3,4,"7,616,901","1,753,521"
551,Ford Motor Company,Automobile,2018 Q3,0%,100%,0%,36877.74,36032.03,845.71,1886,8.51,39,383286,18,12,"8,4",5,3,"7,618,936","1756,26"
552,Ford Motor Company,Automobile,2018 Q4,0%,100%,0%,36877.74,36032.03,845.71,1886,7.04,39,383474,13,12,"3,1",3,5,"762,097","1,758,998"
553,Ford Motor Company,Automobile,2019 Q1,5%,95%,0%,35857,35837.68,19.32,1702,8.08,39,383661,22,10,"7,2",3,4,"7,623,005","1,761,737"
554,Ford Motor Company,Automobile,2019 Q2,5%,95%,0%,35857,35837.68,19.32,1702,9.41,39,383849,13,17,"4,9",5,3,"7,625,039","1,764,476"
555,Ford Motor Company,Automobile,2019 Q3,5%,95%,0%,35857,35837.68,19.32,1702,8.43,39,384037,10,15,"7,4",3,3,"7,627,074","1,767,214"
556,Ford Motor Company,Automobile,2019 Q4,5%,95%,0%,35857,35837.68,19.32,1702,8.56,39,384225,17,17,"4,6",3,4,"7,629,108","1,769,953"
557,Ford Motor Company,Automobile,2020 Q1,10%,80%,10%,29243.12,29536.6,-293.48,1633,4.44,39,384413,25,20,"12,9",3,4,"7,631,142","1,772,692"
558,Ford Motor Company,Automobile,2020 Q2,0%,20%,80%,29243.12,29536.6,-293.48,1633,5.59,39,384600,23,18,"4,3",5,3,"7,633,177","1775,43"
559,Ford Motor Company,Automobile,2020 Q3,0%,20%,80%,29243.12,29536.6,-293.48,1633,6.13,39,384788,25,14,"14,5",5,5,"7,635,211","1,778,169"
560,Ford Motor Company,Automobile,2020 Q4,0%,20%,80%,29243.12,29536.6,-293.48,1633,8.09,39,384976,23,12,"7,4",3,5,"7,637,246","1,780,908"
561,Ford Motor Company,Automobile,2021 Q1,60%,20%,20%,31358.43,27232.92,4125.51,1748,11.27,39,385164,21,14,13,3,5,"763,928","1,783,646"
562,Ford Motor Company,Automobile,2021 Q2,60%,20%,20%,31358.43,27232.92,4125.51,1748,13.67,39,385352,12,14,"10,2",5,3,"7,641,315","1,786,385"
563,Ford Motor Company,Automobile,2021 Q3,60%,20%,20%,31358.43,27232.92,4125.51,1748,13.03,39,385539,16,14,"11,6",5,4,"7,643,349","1,789,124"
564,Ford Motor Company,Automobile,2021 Q4,60%,20%,20%,31358.43,27232.92,4125.51,1748,19.11,39,385727,24,12,12,3,3,"7,645,383","1,791,862"
565,Ford Motor Company,Automobile,2022 Q1,50%,30%,20%,36353.11,36848.07,-494.96,1794,15.56,39,385915,21,20,"8,6",3,4,"7,647,418","1,794,601"
566,Ford Motor Company,Automobile,2022 Q2,50%,30%,20%,36353.11,36848.07,-494.96,1794,10.24,39,386103,11,19,"9,1",3,5,"7,649,452","1797,34"
567,Ford Motor Company,Automobile,2022 Q3,50%,30%,20%,36353.11,36848.07,-494.96,1794,10.3,39,386291,11,13,"8,7",4,5,"7,651,487","1,800,078"
568,Ford Motor Company,Automobile,2022 Q4,50%,30%,20%,36353.11,36848.07,-494.96,1794,10.7,39,386478,25,18,"9,6",5,4,"7,653,521","1,802,817"
569,Ford Motor Company,Automobile,2023 Q1,40%,40%,20%,40523.93,39524.12,999.81,1886,11.59,39,386666,16,19,"2,4",4,4,"7,655,556","1,805,556"
570,Ford Motor Company,Automobile,2023 Q2,40%,40%,20%,40523.93,39524.12,999.81,1886,13.92,39,386854,24,18,"7,1",5,3,"765,759","1,808,294"
571,Ford Motor Company,Automobile,2023 Q3,40%,40%,20%,40523.93,39524.12,999.81,1886,11.43,39,387042,15,11,"9,9",5,5,"7,659,624","1,811,033"
572,Ford Motor Company,Automobile,2023 Q4,40%,40%,20%,40523.93,39524.12,999.81,1886,11.21,39,387230,12,17,"9,8",5,3,"7,661,659","1,813,772"
573,Ford Motor Company,Automobile,2024 Q1,30%,50%,20%,42548.16,41195.99,1352.17,1840,12.22,39,387417,18,17,"12,3",5,3,"7,663,693","1816,51"
574,Ford Motor Company,Automobile,2024 Q2,30%,50%,20%,42548.16,41195.99,1352.17,1840,11.54,39,387605,19,16,"10,5",5,3,"7,665,728","1,819,249"
575,Ford Motor Company,Automobile,2024 Q3,30%,50%,20%,42548.16,41195.99,1352.17,1840,9.72,39,387793,24,17,"14,9",5,5,"7,667,762","1,821,987"
576,Ford Motor Company,Automobile,2024 Q4,30%,50%,20%,42548.16,41195.99,1352.17,1840,9.11,39,387981,23,12,"5,7",5,3,"7,669,797","1,824,726"
577,General Motors,Automobile,2017 Q1,0%,100%,0%,33485.24,34373.96,-888.72,1679,32.53,44.11,388169,22,15,"6,7",4,3,"7,671,831","1,827,465"
578,General Motors,Automobile,2017 Q2,0%,100%,0%,33485.24,34373.96,-888.72,1679,32.14,44.11,388356,15,10,7,3,3,"7,673,865","1,830,203"
579,General Motors,Automobile,2017 Q3,0%,100%,0%,33485.24,34373.96,-888.72,1679,37.15,44.11,388544,19,16,"8,1",3,3,"76,759","1,832,942"
580,General Motors,Automobile,2017 Q4,0%,100%,0%,33485.24,34373.96,-888.72,1679,37.71,44.11,388732,19,10,"12,9",4,3,"7,677,934","1,835,681"
581,General Motors,Automobile,2018 Q1,0%,100%,0%,33821.27,31978.05,1843.22,1794,33.43,44.11,388920,15,18,"5,1",4,3,"7,679,969","1,838,419"
582,General Motors,Automobile,2018 Q2,0%,100%,0%,33821.27,31978.05,1843.22,1794,36.25,44.11,389107,10,10,"12,1",4,5,"7,682,003","1,841,158"
583,General Motors,Automobile,2018 Q3,0%,100%,0%,33821.27,31978.05,1843.22,1794,30.98,44.11,389295,13,10,"7,3",4,3,"7,684,038","1,843,897"
584,General Motors,Automobile,2018 Q4,0%,100%,0%,33821.27,31978.05,1843.22,1794,30.77,44.11,389483,19,16,"9,8",5,4,"7,686,072","1,846,635"
585,General Motors,Automobile,2019 Q1,0%,100%,0%,31564.51,30016.15,1548.36,1564,34.13,44.11,389671,15,11,"10,2",3,3,"7,688,106","1,849,374"
586,General Motors,Automobile,2019 Q2,0%,100%,0%,31564.51,30016.15,1548.36,1564,35.45,44.11,389859,24,14,"6,8",5,3,"7,690,141","1,852,113"
587,General Motors,Automobile,2019 Q3,0%,100%,0%,31564.51,30016.15,1548.36,1564,34.48,44.11,390046,15,17,"8,7",3,5,"7,692,175","1,854,851"
588,General Motors,Automobile,2019 Q4,0%,100%,0%,31564.51,30016.15,1548.36,1564,33.67,44.11,390234,20,17,"7,4",3,5,"769,421","1857,59"
589,General Motors,Automobile,2020 Q1,10%,80%,10%,28171.55,26693.34,1478.21,1426,19.12,44.11,390422,21,12,"2,9",4,4,"7,696,244","1,860,329"
590,General Motors,Automobile,2020 Q2,20%,70%,10%,28171.55,26693.34,1478.21,1426,23.28,44.11,390610,14,16,"7,7",5,4,"7,698,279","1,863,067"
591,General Motors,Automobile,2020 Q3,20%,70%,10%,28171.55,26693.34,1478.21,1426,27.22,44.11,390798,10,12,"3,3",4,5,"7,700,313","1,865,806"
592,General Motors,Automobile,2020 Q4,20%,70%,10%,28171.55,26693.34,1478.21,1426,38.31,44.11,390985,17,15,"7,3",5,5,"7,702,347","1,868,545"
593,General Motors,Automobile,2021 Q1,30%,60%,10%,29210.92,26906.55,2304.37,1817,52.86,44.11,391173,14,15,"9,7",3,3,"7,704,382","1,871,283"
594,General Motors,Automobile,2021 Q2,30%,60%,10%,29210.92,26906.55,2304.37,1817,54.44,44.11,391361,21,12,"9,5",4,5,"7,706,416","1,874,022"
595,General Motors,Automobile,2021 Q3,30%,60%,10%,29210.92,26906.55,2304.37,1817,48.49,44.11,391549,21,16,"10,6",4,4,"7,708,451","1,876,761"
596,General Motors,Automobile,2021 Q4,30%,60%,10%,29210.92,26906.55,2304.37,1817,53.94,44.11,391737,21,12,"3,2",3,3,"7,710,485","1,879,499"
597,General Motors,Automobile,2022 Q1,30%,60%,10%,36049.05,33764.23,2284.82,2254,40.24,44.11,391924,14,17,"10,5",3,4,"771,252","1,882,238"
598,General Motors,Automobile,2022 Q2,30%,60%,10%,36049.05,33764.23,2284.82,2254,29.22,44.11,392112,16,19,"6,1",3,3,"7,714,554","1,884,977"
599,General Motors,Automobile,2022 Q3,30%,60%,10%,36049.05,33764.23,2284.82,2254,29.52,44.11,392300,13,13,"7,2",4,5,"7,716,588","1,887,715"
600,General Motors,Automobile,2022 Q4,30%,60%,10%,36049.05,33764.23,2284.82,2254,30.95,44.11,392488,15,10,"13,2",5,4,"7,718,623","1,890,454"
601,General Motors,Automobile,2023 Q1,30%,60%,10%,39523.66,37218.6,2305.06,2277,33.75,44.11,392676,22,13,"2,1",4,3,"7,720,657","1,893,192"
602,General Motors,Automobile,2023 Q2,30%,60%,10%,39523.66,37218.6,2305.06,2277,35.48,44.11,392863,25,16,"9,6",5,3,"7,722,692","1,895,931"
603,General Motors,Automobile,2023 Q3,30%,60%,10%,39523.66,37218.6,2305.06,2277,30.33,44.11,393051,13,20,"9,8",4,5,"7,724,726","1898,67"
604,General Motors,Automobile,2023 Q4,30%,60%,10%,39523.66,37218.6,2305.06,2277,33.05,44.11,393239,23,13,"7,2",4,5,"7,726,761","1,901,408"
605,General Motors,Automobile,2024 Q1,30%,60%,10%,43111.66,41729.82,1381.84,2116,41.72,44.11,393427,24,15,"5,1",3,5,"7,728,795","1,904,147"
606,General Motors,Automobile,2024 Q2,30%,60%,10%,43111.66,41729.82,1381.84,2116,42.74,44.11,393615,12,18,"5,1",5,4,"7,730,829","1,906,886"
607,General Motors,Automobile,2024 Q3,30%,60%,10%,43111.66,41729.82,1381.84,2116,41.25,44.11,393802,16,10,"13,5",4,3,"7,732,864","1,909,624"
608,General Motors,Automobile,2024 Q4,30%,60%,10%,43111.66,41729.82,1381.84,2116,49.01,44.11,393990,17,14,"7,7",4,5,"7,734,898","1,912,363"
609,Toyota Motor Corporation,Automobile,2017 Q1,0%,100%,0%,6347354.39,5926199.32,421155.07,238631.44,99.93,219.85,394178,13,20,"6,3",3,4,"7,736,933","1,915,102"
610,Toyota Motor Corporation,Automobile,2017 Q2,0%,100%,0%,6347354.39,5926199.32,421155.07,238631.44,96.62,219.85,394366,25,16,"7,8",3,4,"7,738,967","1917,84"
611,Toyota Motor Corporation,Automobile,2017 Q3,0%,100%,0%,6347354.39,5926199.32,421155.07,238631.44,109.64,219.85,394553,22,10,"10,7",5,4,"7,741,002","1,920,579"
612,Toyota Motor Corporation,Automobile,2017 Q4,0%,100%,0%,6347354.39,5926199.32,421155.07,238631.44,117,219.85,394741,11,13,"3,9",4,5,"7,743,036","1,923,318"
613,Toyota Motor Corporation,Automobile,2018 Q1,1%,99%,0%,6757287.3,6183671.21,573616.09,244781.87,119.94,219.85,394929,21,15,"7,8",5,5,"774,507","1,926,056"
614,Toyota Motor Corporation,Automobile,2018 Q2,1%,99%,0%,6757287.3,6183671.21,573616.09,244781.87,118.51,219.85,395117,19,11,"9,6",4,3,"7,747,105","1,928,795"
615,Toyota Motor Corporation,Automobile,2018 Q3,1%,99%,0%,6757287.3,6183671.21,573616.09,244781.87,114.4,219.85,395305,23,19,"14,3",5,3,"7,749,139","1,931,534"
616,Toyota Motor Corporation,Automobile,2018 Q4,1%,99%,0%,6757287.3,6183671.21,573616.09,244781.87,106.79,219.85,395492,12,14,"5,3",3,5,"7,751,174","1,934,272"
617,Toyota Motor Corporation,Automobile,2019 Q1,2%,98%,0%,6951906.63,6518845.84,433060.79,241242.86,108.58,219.85,395680,10,20,"6,7",4,4,"7,753,208","1,937,011"
618,Toyota Motor Corporation,Automobile,2019 Q2,2%,98%,0%,6951906.63,6518845.84,433060.79,241242.86,114.07,219.85,395868,17,19,"6,9",5,4,"7,755,243","1939,75"
619,Toyota Motor Corporation,Automobile,2019 Q3,2%,98%,0%,6951906.63,6518845.84,433060.79,241242.86,123.73,219.85,396056,24,10,"9,9",3,4,"7,757,277","1,942,488"
620,Toyota Motor Corporation,Automobile,2019 Q4,2%,98%,0%,6951906.63,6518845.84,433060.79,241242.86,129.3,219.85,396244,12,15,"6,6",3,3,"7,759,311","1,945,227"
621,Toyota Motor Corporation,Automobile,2020 Q1,5%,90%,5%,6883898.16,6415585.96,468312.2,255384.87,110.35,219.85,396431,21,15,"8,9",5,4,"7,761,346","1,947,966"
622,Toyota Motor Corporation,Automobile,2020 Q2,5%,90%,5%,6883898.16,6415585.96,468312.2,255384.87,115.58,219.85,396619,19,13,"12,2",4,3,"776,338","1,950,704"
623,Toyota Motor Corporation,Automobile,2020 Q3,5%,90%,5%,6883898.16,6415585.96,468312.2,255384.87,121.84,219.85,396807,16,17,"11,2",4,3,"7,765,415","1,953,443"
624,Toyota Motor Corporation,Automobile,2020 Q4,5%,90%,5%,6883898.16,6415585.96,468312.2,255384.87,142.2,219.85,396995,19,13,"7,8",3,4,"7,767,449","1,956,182"
625,Toyota Motor Corporation,Automobile,2021 Q1,10%,85%,5%,6259356.39,5742946.36,516410.03,250797.52,143.58,219.85,397183,14,17,"13,2",4,4,"7,769,484","1958,92"
626,Toyota Motor Corporation,Automobile,2021 Q2,10%,85%,5%,6259356.39,5742946.36,516410.03,250797.52,160.85,219.85,397370,19,17,"9,3",4,5,"7,771,518","1,961,659"
627,Toyota Motor Corporation,Automobile,2021 Q3,10%,85%,5%,6259356.39,5742946.36,516410.03,250797.52,163.53,219.85,397558,14,14,9,4,5,"7,773,552","1,964,397"
628,Toyota Motor Corporation,Automobile,2021 Q4,10%,85%,5%,6259356.39,5742946.36,516410.03,250797.52,170.48,219.85,397746,23,13,"2,4",3,4,"7,775,587","1,967,136"
629,Toyota Motor Corporation,Automobile,2022 Q1,10%,90%,0%,7217286.61,6561761.31,655525.3,258580.26,165.83,219.85,397934,16,11,"14,8",5,3,"7,777,621","1,969,875"
630,Toyota Motor Corporation,Automobile,2022 Q2,5%,95%,0%,7217286.61,6561761.31,655525.3,258580.26,141.84,219.85,398122,24,20,"3,6",4,3,"7,779,656","1,972,613"
631,Toyota Motor Corporation,Automobile,2022 Q3,5%,95%,0%,7217286.61,6561761.31,655525.3,258580.26,119.87,219.85,398309,18,12,5,3,3,"778,169","1,975,352"
632,Toyota Motor Corporation,Automobile,2022 Q4,5%,95%,0%,7217286.61,6561761.31,655525.3,258580.26,125.65,219.85,398497,21,12,"2,7",3,3,"7,783,725","1,978,091"
633,Toyota Motor Corporation,Automobile,2023 Q1,5%,95%,0%,8545488.54,7981685.4,563803.14,285587.78,130.35,219.85,398685,14,13,"10,3",5,3,"7,785,759","1,980,829"
634,Toyota Motor Corporation,Automobile,2023 Q2,5%,95%,0%,8545488.54,7981685.4,563803.14,285587.78,147.89,219.85,398873,10,13,"4,9",4,5,"7,787,793","1,983,568"
635,Toyota Motor Corporation,Automobile,2023 Q3,5%,95%,0%,8545488.54,7981685.4,563803.14,285587.78,165.37,219.85,399061,19,19,"4,3",4,4,"7,789,828","1,986,307"
636,Toyota Motor Corporation,Automobile,2023 Q4,5%,95%,0%,8545488.54,7981685.4,563803.14,285587.78,168.71,219.85,399248,19,20,"3,2",5,5,"7,791,862","1,989,045"
637,Toyota Motor Corporation,Automobile,2024 Q1,5%,95%,0%,10371924.75,9234590.16,1137334.59,276545.79,231.55,219.85,399436,10,20,"3,3",5,3,"7,793,897","1,991,784"
638,Toyota Motor Corporation,Automobile,2024 Q2,5%,95%,0%,10371924.75,9234590.16,1137334.59,276545.79,188.57,219.85,399624,24,14,"9,6",3,3,"7,795,931","1,994,523"
639,Toyota Motor Corporation,Automobile,2024 Q3,5%,95%,0%,10371924.75,9234590.16,1137334.59,276545.79,164.28,219.85,399812,11,13,"10,9",3,3,"7,797,966","1,997,261"
640,Toyota Motor Corporation,Automobile,2024 Q4,5%,95%,0%,10371924.75,9234590.16,1137334.59,276545.79,179.04,219.85,400000,25,20,"7,2",5,3,78,2000